Subfamily,Tribe,Genus,Taxon,nuSSU,nuLSU,AbdA,Wg,LR,COI,EF1aF1,EF1aF2,ArgK,CAD,Top1,Ubx,Family,Species,FL,GA,SpeciesGroup,Binomial,BinomialAuthority,Subspecies,Trinomial,TrinomialAuthority,Author,Year,ChangedComb,TypeLocalityCountry,Images,Text,Source,DBB_Notes,MPN_Notes,NCBI.ID,GB,Order
Aglyptacros,Aglyptacros,Aglyptacros,Aglyptacros_cf_sulcatus,EF012831,EF012959,EF013087,EF013667,EF013539,NA,EF013217,EF013379,NA,NA,NA,NA,Tiphiidae,NA,NA,NA,NA,NA,NA,NA,NA,NA,NA,NA,NA,NA,NA,NA,NA,NA,NA,NA,NA,Hymenoptera
Amblyoponinae,Prionopelta,Prionopelta,Prionopelta_amabilis,NA,KU671409,KU672033,KU671562,KU671511,NA,NA,KU671460,KU671618,NA,KU671681,KU671744,Formicidae,amabilis,0,0,,NA,Borgmeier, 1949,Borgmeier,1949,,Costa Rica,Present,,http://www.antwiki.org/wiki/Prionopelta amabilis,NA,NA,NA,need representative for genus,Alternate for Prionopelta antillana,621482,1,Hymenoptera
Amblyoponinae,Stigmatomma,Stigmatomma,Stigmatomma_pallipes,AY703487,AY703554,DQ352966,AY233594,AY703755,DQ353291,EF013219,EF013381,KJ523366,KJ523371,KJ523716,KJ523633,Formicidae,pallipes,1,1,,NA,(Haldeman, 1844),Haldeman,1844,Yes,United States,Present,Present,http://www.antwiki.org/wiki/Stigmatomma pallipes,NA,NA,NA,,NA,231980,1,Hymenoptera
Apis,Apis,Apis,Apis_mellifera,AB126807,AY703551,XM_394120,AY703618,AY703752,KP844942,EF013227,EF013389,NM_001011603,XM_393888,XM_396203,NM_001168700,Apidae,NA,NA,NA,NA,NA,NA,NA,NA,NA,NA,NA,NA,NA,NA,NA,NA,NA,NA,NA,NA,Hymenoptera
Aporus,Aporus,Aporus,Aporus_niger,EF012840,EF012968,EF013096,EF013676,EF013548,NA,EF013229,EF013391,NA,KC213228,NA,NA,Pompilidae,NA,NA,NA,NA,NA,NA,NA,NA,NA,NA,NA,NA,NA,NA,NA,NA,NA,NA,NA,NA,Hymenoptera
Chalybion,Chalybion,Chalybion,Chalybion_californicum,EF012853,EF012981,EF013109,EF013689,EF013561,KM564907,EF013245,EF013407,NA,NA,NA,NA,Sphecidae,NA,NA,NA,NA,NA,NA,NA,NA,NA,NA,NA,NA,NA,NA,NA,NA,NA,NA,NA,NA,Hymenoptera
Chyphotes,Chyphotes,Chyphotes,Chyphotes_mellipes,AY703485,AY703552,AY703686,AY703619,AY703753,NA,EF013247,EF013409,NA,NA,NA,NA,Bradynobaenidae,NA,NA,NA,NA,NA,NA,NA,NA,NA,NA,NA,NA,NA,NA,NA,NA,NA,NA,NA,NA,Hymenoptera
Chyphotes,Chyphotes,Chyphotes,Chyphotes_sp,DQ353548,DQ353573,NA,DQ353144,NA,DQ353285,NA,NA,NA,NA,NA,NA,Bradynobaenidae,NA,NA,NA,NA,NA,NA,NA,NA,NA,NA,NA,NA,NA,NA,NA,NA,NA,NA,NA,NA,Hymenoptera
Dasymutilla,Dasymutilla,Dasymutilla,Dasymutilla_aureola,EF012858,EF012986,EF013114,EF013694,EF013566,NA,EF013252,EF013414,NA,NA,NA,NA,Mutillidae,NA,NA,NA,NA,NA,NA,NA,NA,NA,NA,NA,NA,NA,NA,NA,NA,NA,NA,NA,NA,Hymenoptera
Dolichoderinae,Dolichoderus,Dolichoderus,Dolichoderus_pustulatus,FJ939760,FJ939792,FJ939824,KR829181,KR829554,NA,FJ940060,FJ939963,FJ939859,FJ939913,KJ523685,KJ523602,Formicidae,pustulatus,1,1,,NA,Mayr, 1886,Mayr,1886,,United States,Present,,http://www.antwiki.org/wiki/Dolichoderus pustulatus,NA,NA,NA,not important,NA,609426,1,Hymenoptera
Dolichoderinae,Dorymyrmex,Dorymyrmex,Dorymyrmex_elegans,DQ353499,DQ353633,DQ352955,DQ353062,DQ353155,DQ353369,NA,NA,NA,NA,NA,NA,Formicidae,elegans,1,1,,NA,(Trager, 1988),Trager,1988,Yes,United States,Present,,http://www.antwiki.org/wiki/Dorymyrmex elegans,NA,NA,NA,,NA,369126,1,Hymenoptera
Dolichoderinae,Dorymyrmex,Dorymyrmex,Dorymyrmex_grandulus,NA,NA,NA,NA,NA,KM538013,NA,NA,NA,NA,NA,NA,Formicidae,grandulus,1,1,,NA,(Forel, 1922),Forel,1922,Yes,United States,Present,,http://www.antwiki.org/wiki/Dorymyrmex grandulus,NA,NA,NA,,NA,609551,1,Hymenoptera
Dolichoderinae,Forelius,Forelius,Forelius_pruinosus,EF012866,EF012994,EF013122,EF013702,EF013574,HQ207390,EF013262,EF013424,FJ939864,FJ939918,NA,NA,Formicidae,pruinosus,1,1,,NA,(Roger, 1863),Roger,1863,Yes,Cuba,Present,Present,http://www.antwiki.org/wiki/Forelius pruinosus,NA,NA,NA,,NA,411751,1,Hymenoptera
Dolichoderinae,Linepithema,Linepithema,Linepithema_humile,EF012875,EF013003,AY525327,NA,FJ161830,FJ161727,EF013277,EF013439,FJ939872,FJ939926,NA,NA,Formicidae,humile,1,1,,NA,(Mayr, 1868),Mayr,1868,Yes,Argentina,Present,Present,http://www.antwiki.org/wiki/Linepithema humile,NA,NA,NA,,NA,83485,1,Hymenoptera
Dolichoderinae,Ochetellus,Ochetellus,Ochetellus_glaber,DQ353491,DQ353588,DQ352948,DQ353058,DQ353154,DQ353333,NA,NA,NA,NA,NA,NA,Formicidae,glaber,1,0,,NA,(Mayr, 1862),Mayr,1862,Yes,Australia,Present,,http://www.antwiki.org/wiki/Ochetellus glaber,NA,NA,NA,,NA,255795,1,Hymenoptera
Dolichoderinae,Tapinoma,Tapinoma,Tapinoma_melanocephalum,FJ939774,FJ939806,FJ939838,KM579349,KM597399,KX054892,FJ940074,FJ939977,FJ939887,FJ939941,KM579070,NA,Formicidae,melanocephalum,1,1,,NA,(Fabricius, 1793),Fabricius,1793,Yes,French Guiana,Present,Present,http://www.antwiki.org/wiki/Tapinoma melanocephalum,NA,NA,NA,,NA,219810,1,Hymenoptera
Dolichoderinae,Tapinoma,Tapinoma,Tapinoma_sessile,EF012938,EF013066,EF013194,FJ161912,EF013646,FJ161757,EF013353,EF013515,FJ939888,FJ939942,NA,NA,Formicidae,sessile,1,1,,NA,(Say, 1836),Say,1836,Yes,United States,Present,Present,http://www.antwiki.org/wiki/Tapinoma sessile,NA,NA,NA,,NA,29039,1,Hymenoptera
Dolichoderinae,Technomyrmex,Technomyrmex,Technomyrmex_difficilis,EF012940,EF013068,EF013196,KM579353,KM597403,DQ176116,EF013355,EF013517,FJ939890,FJ939944,KM579074,NA,Formicidae,difficilis,1,1,,NA,Forel, 1892,Forel,1892,,Madagascar,Present,Present,http://www.antwiki.org/wiki/Technomyrmex difficilis,NA,NA,NA,,NA,411794,1,Hymenoptera
Dorylinae,Neivamyrmex,Neivamyrmex,Neivamyrmex_nigrescens,AY867445,AY867461,DQ352949,AY233612,AY867492,KX983330,EF013302,EF013464,KJ523353,KJ523430,KJ523701,KJ523618,Formicidae,nigrescens,0,1,,NA,(Cresson, 1872),Cresson,1872,Yes,United States,Present,Present,http://www.antwiki.org/wiki/Neivamyrmex nigrescens,NA,NA,NA,,NA,232157,1,Hymenoptera
Dorylinae,Neivamyrmex,Neivamyrmex,Neivamyrmex_opacithorax,NA,DQ401003,NA,NA,NA,KX983280,NA,NA,NA,NA,NA,NA,Formicidae,opacithorax,1,1,,NA,(Emery, 1894),Emery,1894,Yes,United States,Present,Present,http://www.antwiki.org/wiki/Neivamyrmex opacithorax,NA,NA,NA,,NA,373771,1,Hymenoptera
Dorylinae,Neivamyrmex,Neivamyrmex,Neivamyrmex_texanus,NA,NA,NA,NA,NA,JF863403,NA,NA,NA,NA,NA,NA,Formicidae,texanus,1,1,,NA,Watkins, 1972,Watkins,1972,,United States,Present,Present,http://www.antwiki.org/wiki/Neivamyrmex texanus,NA,NA,NA,not important,NA,NA,1,Hymenoptera
Ectatomminae,Ectatommini,Gnamptogenys,Gnamptogenys_triangularis,NA,NA,NA,LT623166,LT632329,MF926026,NA,NA,NA,NA,NA,NA,Formicidae,triangularis,1,1,,NA,(Mayr, 1887),Mayr,1887,Yes,Uruguay,Present,,http://www.antwiki.org/wiki/Gnamptogenys triangularis,NA,NA,NA,,Added Gnamptogenys continua LR and Wg,610056,1,Hymenoptera
Evagetes,Evagetes,Evagetes,Evagetes_sp,DQ353549,DQ353554,DQ352995,DQ353145,NA,DQ353402,NA,NA,NA,NA,NA,NA,Pompilidae,NA,NA,NA,NA,NA,NA,NA,NA,NA,NA,NA,NA,NA,NA,NA,NA,NA,NA,NA,NA,Hymenoptera
Formicinae,Camponotini,Camponotus,Camponotus_americanus,NA,NA,NA,NA,NA,KM538002,NA,AY334412,NA,NA,NA,NA,Formicidae,americanus,0,1,,NA,Mayr, 1862,Mayr,1862,,United States,Present,,http://www.antwiki.org/wiki/Camponotus americanus,NA,NA,NA,,NA,251250,1,Hymenoptera
Formicinae,Camponotini,Camponotus,Camponotus_castaneus,NA,NA,NA,KP730223,KP860349,KJ208900,NA,AY334410,NA,NA,NA,NA,Formicidae,castaneus,1,1,,NA,(Latreille, 1802),Latreille,1802,Yes,United States,Present,Present,http://www.antwiki.org/wiki/Camponotus castaneus,NA,NA,NA,,NA,105051,1,Hymenoptera
Formicinae,Camponotini,Camponotus,Camponotus_chromaiodes,NA,DQ226037,NA,NA,NA,MH558356,NA,AY334409,NA,NA,NA,NA,Formicidae,chromaiodes,0,1,,NA,Bolton, 1995,Bolton,1995,,United States,Present,,http://www.antwiki.org/wiki/Camponotus chromaiodes,NA,NA,NA,,NA,251251,1,Hymenoptera
Formicinae,Camponotini,Camponotus,Camponotus_floridanus,NA,NA,NA,NA,NA,AF186362,NA,AY334414,NA,NA,NA,NA,Formicidae,floridanus,1,1,,NA,(Buckley, 1866),Buckley,1866,Yes,United States,Present,Present,http://www.antwiki.org/wiki/Camponotus floridanus,NA,NA,NA,,NA,104421,1,Hymenoptera
Formicinae,Camponotini,Camponotus,Camponotus_nearcticus,NA,NA,NA,NA,KP860350,KR883451,NA,AY334413,NA,NA,NA,NA,Formicidae,nearcticus,1,1,,NA,Emery, 1893,Emery,1893,,United States,Present,,http://www.antwiki.org/wiki/Camponotus nearcticus,NA,NA,NA,,NA,251252,1,Hymenoptera
Formicinae,Camponotini,Camponotus,Camponotus_novaeboracensis,NA,NA,NA,LT977332,NA,LT977366,NA,NA,NA,NA,LT977216,NA,Formicidae,novaeboracensis,0,1,,NA,(Fitch, 1855),Fitch,1855,Yes,United States,Present,Present,http://www.antwiki.org/wiki/Camponotus novaeboracensis,NA,NA,NA,,NA,1888408,1,Hymenoptera
Formicinae,Camponotini,Camponotus,Camponotus_pennsylvanicus,NA,NA,NA,KJ920644,KJ920610,KR881664,NA,AY334408,NA,NA,LT977248,NA,Formicidae,pennsylvanicus,1,1,,NA,(De Geer, 1773),De Geer,1773,Yes,United States,Present,Present,http://www.antwiki.org/wiki/Camponotus pennsylvanicus,NA,NA,NA,,NA,104422,1,Hymenoptera
Formicinae,Camponotini,Camponotus,Camponotus_planatus,NA,NA,NA,NA,NA,KC419973,NA,NA,NA,NA,NA,NA,Formicidae,planatus,1,0,,NA,Roger, 1863,Roger,1863,,Cuba,Present,Present,http://www.antwiki.org/wiki/Camponotus planatus,NA,NA,NA,,NA,168613,1,Hymenoptera
Formicinae,Camponotini,Camponotus,Camponotus_sexguttatus,NA,NA,NA,NA,NA,KT863162,NA,NA,NA,NA,NA,NA,Formicidae,sexguttatus,1,0,,NA,(Fabricius, 1793),Fabricius,1793,Yes,Antilles,Present,Present,http://www.antwiki.org/wiki/Camponotus sexguttatus,NA,NA,NA,,NA,606041,1,Hymenoptera
Formicinae,Camponotini,Camponotus,Camponotus_socius,NA,NA,NA,NA,NA,AF187958,NA,NA,NA,NA,NA,NA,Formicidae,socius,1,1,,NA,Roger, 1863,Roger,1863,,Brazil,Present,,http://www.antwiki.org/wiki/Camponotus socius,NA,NA,NA,,NA,105054,1,Hymenoptera
Formicinae,Camponotini,Camponotus,Camponotus_tortuganus,NA,NA,NA,KF978313,KF978411,KF992251,NA,NA,NA,NA,NA,NA,Formicidae,tortuganus,1,0,,NA,Emery, 1895,Emery,1895,,United States,Present,,http://www.antwiki.org/wiki/Camponotus tortuganus,NA,NA,NA,,NA,606163,1,Hymenoptera
Formicinae,Camponotini,Colobopsis,Colobopsis_saundersi,KT443326,KT443384,KT443442,KT443270,KT443500,EF634194,KT443158,KT443214,KT443566,NA,KT443646,KT443726,Formicidae,saundersi,0,0,,NA,(Emery, 1889),Emery,1889,Yes,Myanmar,Present,,http://www.antwiki.org/wiki/Colobopsis saundersi,NA,NA,NA,need representative for genus,Alternate for Colobopsis impressa,450370,1,Hymenoptera
Formicinae,Formicini,Formica,Formica_exsectoides,NA,NA,NA,NA,NA,KT310176,NA,NA,NA,NA,NA,NA,Formicidae,exsectoides,0,1,,NA,Forel, 1886,Forel,1886,,United States,Present,,http://www.antwiki.org/wiki/Formica exsectoides,NA,NA,NA,,NA,609781,1,Hymenoptera
Formicinae,Formicini,Formica,Formica_fusca,FJ824197,FJ824287,FJ824331,LT977331,FJ824464,FJ824419,NA,AY334415,FJ824368,NA,LT977209,NA,Formicidae,fusca,0,1,,NA,Linnaeus, 1758,Linnaeus,1758,,Europe,Present,,http://www.antwiki.org/wiki/Formica fusca,NA,NA,NA,,NA,72779,1,Hymenoptera
Formicinae,Formicini,Formica,Formica_incerta,NA,NA,NA,NA,NA,LT977401,NA,NA,NA,NA,NA,NA,Formicidae,incerta,0,1,,NA,Buren, 1944,Buren,1944,,United States,Present,Present,http://www.antwiki.org/wiki/Formica incerta,NA,NA,NA,,NA,609806,1,Hymenoptera
Formicinae,Formicini,Formica,Formica_subintegra,NA,NA,NA,KP730224,NA,KP730063,NA,KP730145,NA,NA,NA,NA,Formicidae,subintegra,0,1,,NA,Wheeler, W.M., 1908,Wheeler, W.M.,1908,,United States,Present,,http://www.antwiki.org/wiki/Formica subintegra,NA,NA,NA,,NA,609893,1,Hymenoptera
Formicinae,Formicini,Formica,Formica_subsericea,NA,DQ226040,NA,KP730225,KP860351,KP730064,NA,KP730146,NA,NA,NA,NA,Formicidae,subsericea,1,1,,NA,Say, 1836,Say,1836,,United States,Present,,http://www.antwiki.org/wiki/Formica subsericea,NA,NA,NA,,NA,354281,1,Hymenoptera
Formicinae,Formicini,Polyergus,Polyergus_lucidus,NA,NA,NA,NA,NA,MH645543,NA,NA,NA,NA,NA,NA,Formicidae,lucidus,0,1,lucidus,NA,Mayr, 1870,Mayr,1870,,United States,Present,Present,http://www.antwiki.org/wiki/Polyergus lucidus,NA,NA,NA,,NA,615968,1,Hymenoptera
Formicinae,Lasiini,Lasius,Lasius_alienus,DQ353484,DQ353683,DQ352952,LT977308,KC820381,FJ824425,NA,NA,FJ824369,NA,LT977250,NA,Formicidae,alienus,1,1,,NA,(Foerster, 1850),Foerster,1850,Yes,Germany,Present,Present,http://www.antwiki.org/wiki/Lasius alienus,NA,NA,NA,,NA,219781,1,Hymenoptera
Formicinae,Lasiini,Lasius,Lasius_claviger,NA,NA,NA,NA,NA,KR888623,NA,NA,NA,NA,NA,NA,Formicidae,claviger,0,1,,NA,(Roger, 1862),Roger,1862,Yes,United States,Present,,http://www.antwiki.org/wiki/Lasius claviger,NA,NA,NA,,NA,611227,1,Hymenoptera
Formicinae,Lasiini,Lasius,Lasius_flavus,NA,NA,NA,LT977316,NA,AB370985,NA,NA,NA,NA,LT977243,NA,Formicidae,flavus,0,1,,NA,(Fabricius, 1782),Fabricius,1782,Yes,Europe,Present,Present,http://www.antwiki.org/wiki/Lasius flavus,NA,NA,NA,,NA,67763,1,Hymenoptera
Formicinae,Lasiini,Lasius,Lasius_interjectus,NA,NA,NA,NA,NA,AB370986,NA,NA,NA,NA,NA,NA,Formicidae,interjectus,1,1,,NA,Mayr, 1866,Mayr,1866,,United States,Present,Present,http://www.antwiki.org/wiki/Lasius interjectus,NA,NA,NA,,NA,488573,1,Hymenoptera
Formicinae,Lasiini,Lasius,Lasius_nearcticus,NA,NA,NA,LT977321,NA,AB370987,NA,NA,NA,NA,LT977232,NA,Formicidae,nearcticus,0,1,,NA,Wheeler, W.M., 1906,Wheeler, W.M.,1906,,United States,Present,Present,http://www.antwiki.org/wiki/Lasius nearcticus,NA,NA,NA,,NA,488575,1,Hymenoptera
Formicinae,Lasiini,Lasius,Lasius_neoniger,NA,NA,NA,LT977327,NA,KR883948,NA,NA,NA,NA,LT977231,NA,Formicidae,neoniger,1,1,,NA,Emery, 1893,Emery,1893,,United States,Present,Present,http://www.antwiki.org/wiki/Lasius neoniger,NA,NA,NA,,NA,611257,1,Hymenoptera
Formicinae,Lasiini,Lasius,Lasius_umbratus,NA,NA,NA,LT977318,NA,EF191428,NA,NA,NA,NA,LT977247,NA,Formicidae,umbratus,1,1,,NA,(Nylander, 1846),Nylander,1846,Yes,Finland,Present,Present,http://www.antwiki.org/wiki/Lasius umbratus,NA,NA,NA,,NA,262031,1,Hymenoptera
Formicinae,Lasiini,Nylanderia,Nylanderia_arenivaga,NA,NA,NA,JX425976,NA,NA,JX426003,JX425950,JX425895,JX425921,NA,NA,Formicidae,arenivaga,1,1,,NA,(Wheeler, W.M., 1905),Wheeler, W.M.,1905,Yes,United States,Present,Present,http://www.antwiki.org/wiki/Nylanderia arenivaga,NA,NA,NA,,NA,262033,1,Hymenoptera
Formicinae,Lasiini,Nylanderia,Nylanderia_bourbonica,NA,EU490452,NA,KP232898,KP232678,KP232102,JX426023,KP232642,JX425912,KP231876,NA,NA,Formicidae,bourbonica,1,1,,NA,(Forel, 1886),Forel,1886,Yes,R‚àö¬©union,Present,Present,http://www.antwiki.org/wiki/Nylanderia bourbonica,NA,NA,NA,,NA,262034,1,Hymenoptera
Formicinae,Lasiini,Nylanderia,Nylanderia_concinna,NA,NA,NA,FJ982531,NA,FJ982447,FJ982493,FJ982573,NA,FJ982616,NA,NA,Formicidae,concinna,1,1,,NA,(Trager, 1984),Trager,1984,Yes,United States,Present,Present,http://www.antwiki.org/wiki/Nylanderia concinna,NA,NA,NA,,NA,613892,1,Hymenoptera
Formicinae,Lasiini,Nylanderia,Nylanderia_faisonensis,NA,NA,NA,FJ982534,NA,FJ982450,FJ982496,FJ982576,NA,FJ982619,NA,NA,Formicidae,faisonensis,1,1,,NA,(Forel, 1922),Forel,1922,Yes,United States,Present,Present,http://www.antwiki.org/wiki/Nylanderia faisonensis,NA,NA,NA,,NA,613901,1,Hymenoptera
Formicinae,Lasiini,Nylanderia,Nylanderia_fulva,NA,NA,NA,JX425999,NA,MF925786,JX426027,JX425971,JX425916,JX425945,NA,NA,Formicidae,fulva,1,1,,NA,(Mayr, 1862),Mayr,1862,Yes,Brazil,Present,Present,http://www.antwiki.org/wiki/Nylanderia fulva,NA,NA,NA,,NA,613905,1,Hymenoptera
Formicinae,Lasiini,Nylanderia,Nylanderia_parvula,NA,NA,NA,FJ982541,NA,FJ982458,FJ982503,FJ982583,NA,FJ982627,NA,NA,Formicidae,parvula,1,1,,NA,(Mayr, 1870),Mayr,1870,Yes,United States,Present,Present,http://www.antwiki.org/wiki/Nylanderia parvula,NA,NA,NA,,NA,613968,1,Hymenoptera
Formicinae,Lasiini,Nylanderia,Nylanderia_phantasma,NA,NA,NA,FJ982544,NA,FJ982461,FJ982506,FJ982586,JN562408,FJ982630,NA,NA,Formicidae,phantasma,1,1,,NA,(Trager, 1984),Trager,1984,Yes,United States,Present,Present,http://www.antwiki.org/wiki/Nylanderia phantasma,NA,NA,NA,,NA,613970,1,Hymenoptera
Formicinae,Lasiini,Nylanderia,Nylanderia_pubens,NA,NA,NA,JX425988,NA,NA,JX426029,JX425973,JX425918,JX425947,NA,NA,Formicidae,pubens,1,0,,NA,(Forel, 1893),Forel,1893,Yes,Antilles,Present,Present,http://www.antwiki.org/wiki/Nylanderia pubens,NA,NA,NA,,NA,613973,1,Hymenoptera
Formicinae,Lasiini,Nylanderia,Nylanderia_steinheili,NA,NA,NA,JX425994,NA,NA,JX426022,JX425966,JX425911,JX425940,NA,NA,Formicidae,steinheili,1,0,,NA,(Forel, 1893),Forel,1893,Yes,Antilles,Present,,http://www.antwiki.org/wiki/Nylanderia steinheili,NA,NA,NA,,NA,613986,1,Hymenoptera
Formicinae,Lasiini,Nylanderia,Nylanderia_vividula,NA,EU417926,NA,FJ982550,NA,FJ982467,FJ982512,FJ982592,JN562411,FJ982635,NA,NA,Formicidae,vividula,1,1,,NA,(Nylander, 1846),Nylander,1846,Yes,Sweden,Present,,http://www.antwiki.org/wiki/Nylanderia vividula,NA,NA,NA,,NA,443831,1,Hymenoptera
Formicinae,Lasiini,Nylanderia,Nylanderia_wojciki,NA,NA,NA,FJ982551,NA,FJ982468,FJ982513,FJ982593,NA,FJ982637,NA,NA,Formicidae,wojciki,1,1,,NA,(Trager, 1984),Trager,1984,Yes,United States,Present,Present,http://www.antwiki.org/wiki/Nylanderia wojciki,NA,NA,NA,,NA,614011,1,Hymenoptera
Formicinae,Lasiini,Paratrechina,Paratrechina_longicornis,KT443352,KT443410,KT443468,KP232871,KP232664,FJ982475,FJ982517,KP232614,KT443600,KP231943,KT443680,KT443760,Formicidae,longicornis,1,1,,NA,(Latreille, 1802),Latreille,1802,Yes,Senegal,Present,Present,http://www.antwiki.org/wiki/Paratrechina longicornis,NA,NA,NA,,NA,262035,1,Hymenoptera
Formicinae,Lasiini,Prenolepis,Prenolepis_imparis,EF012919,EF013047,EF013175,FJ982559,EF013627,FJ982479,FJ982518,FJ982601,KT443610,FJ982648,KT443690,KT443770,Formicidae,imparis,1,1,,NA,(Say, 1836),Say,1836,Yes,Mexico,Present,Present,http://www.antwiki.org/wiki/Prenolepis imparis,NA,NA,NA,,NA,262038,1,Hymenoptera
Formicinae,Myrmelachistini,Brachymyrmex,Brachymyrmex_depilis,EF012844,EF012972,EF013100,EF013680,EF013552,KR898675,EF013233,EF013395,KT443552,NA,KT443632,KT443712,Formicidae,depilis,1,1,,NA,Emery, 1893,Emery,1893,,United States,Present,,http://www.antwiki.org/wiki/Brachymyrmex depilis,NA,NA,NA,,NA,354278,1,Hymenoptera
Formicinae,Myrmelachistini,Brachymyrmex,Brachymyrmex_heeri,NA,NA,NA,NA,NA,KC418295,NA,NA,NA,NA,NA,NA,Formicidae,heeri,1,0,,NA,Forel, 1874,Forel,1874,,Switzerland,Present,Present,http://www.antwiki.org/wiki/Brachymyrmex heeri,NA,NA,NA,,NA,604545,1,Hymenoptera
Formicinae,Myrmelachistini,Brachymyrmex,Brachymyrmex_minutus,NA,NA,NA,MK634469,NA,MK634391,MK634412,MK634432,NA,NA,NA,NA,Formicidae,minutus,1,0,,NA,Forel, 1893,Forel,1893,,Antilles,Present,,http://www.antwiki.org/wiki/Brachymyrmex minutus,NA,NA,NA,not important,NA,NA,1,Hymenoptera
Formicinae,Myrmelachistini,Brachymyrmex,Brachymyrmex_obscurior,NA,NA,NA,NA,NA,HQ925273,NA,NA,NA,NA,NA,NA,Formicidae,obscurior,1,0,,NA,Forel, 1893,Forel,1893,,Antilles,Present,Present,http://www.antwiki.org/wiki/Brachymyrmex obscurior,NA,NA,NA,not important,NA,NA,1,Hymenoptera
Formicinae,Myrmelachistini,Brachymyrmex,Brachymyrmex_patagonicus,NA,NA,NA,MK634463,NA,MK634381,NA,MK634434,NA,NA,NA,NA,Formicidae,patagonicus,1,1,,NA,Mayr, 1868,Mayr,1868,,Argentina,Present,Present,http://www.antwiki.org/wiki/Brachymyrmex patagonicus,NA,NA,NA,,NA,NA,1,Hymenoptera
Metapolybia,Metapolybia,Metapolybia,Metapolybia_cingulata,EF012883,EF013011,EF013139,EF013719,EF013591,GU596904,EF013286,EF013448,NA,KC213233,NA,NA,Vespidae,NA,NA,NA,NA,NA,NA,NA,NA,NA,NA,NA,NA,NA,NA,NA,NA,NA,NA,NA,NA,Hymenoptera
Mischocyttarus,Mischocyttarus,Mischocyttarus,Mischocyttarus_flavitarsis,AY703486,AY703553,AY703687,AY703620,AY703754,GU596908,EF013289,EF013451,NA,NA,NA,NA,Vespidae,NA,NA,NA,NA,NA,NA,NA,NA,NA,NA,NA,NA,NA,NA,NA,NA,NA,NA,NA,NA,Hymenoptera
Myrmicinae,Attini,Cephalotes,Cephalotes_varians,NA,NA,NA,KC335616,KC335934,KC335769,NA,KC208553,NA,NA,NA,NA,Formicidae,varians,1,0,,NA,(Smith, F., 1876),Smith, F.,1876,Yes,Cuba,Present,Present,http://www.antwiki.org/wiki/Cephalotes varians,NA,NA,NA,,NA,577618,1,Hymenoptera
Myrmicinae,Attini,Cyphomyrmex,Cyphomyrmex_minutus,NA,NA,NA,EU204189,NA,JQ617495,NA,EU204583,NA,NA,KY828537,NA,Formicidae,minutus,1,0,,NA,Mayr, 1862,Mayr,1862,,Cuba,Present,Present,http://www.antwiki.org/wiki/Cyphomyrmex minutus,NA,NA,NA,,Dropped EF1aF1 - was not aligning well EU204342,34701,1,Hymenoptera
Myrmicinae,Attini,Cyphomyrmex,Cyphomyrmex_rimosus,NA,NA,NA,EU204146,NA,JQ617506,NA,NA,NA,NA,KY828540,NA,Formicidae,rimosus,1,1,,NA,(Spinola, 1851),Spinola,1851,Yes,Brazil,Present,Present,http://www.antwiki.org/wiki/Cyphomyrmex rimosus,NA,NA,NA,,Dropped EF1aF1 - was not aligning well EU204299,34702,1,Hymenoptera
Myrmicinae,Attini,Eurhopalothrix,Eurhopalothrix_australis,KJ860108,KJ859920,KJ861196,KJ861808,KJ861381,NA,KJ860537,KJ859733,KJ860977,KJ860737,KJ861579,KJ860308,Formicidae,australis,0,0,,NA,Brown & Kempf, 1960,Brown & Kempf,1960,,Australia,Present,Present,http://www.antwiki.org/wiki/Eurhopalothrix australis,NA,NA,NA,need representative for genus,Alternate for Eurhopalothrix floridana,609687,1,Hymenoptera
Myrmicinae,Attini,Pheidole,Pheidole_adrianoi,NA,NA,NA,NA,EF518935,EF518306,NA,NA,NA,NA,NA,NA,Formicidae,adrianoi,1,1,,NA,Naves, 1985,Naves,1985,,United States,Present,Present,http://www.antwiki.org/wiki/Pheidole adrianoi,NA,NA,NA,,NA,458891,1,Hymenoptera
Myrmicinae,Attini,Pheidole,Pheidole_bicarinata,NA,NA,NA,NA,KJ141537,KJ141786,NA,NA,NA,KJ141339,KJ141211,NA,Formicidae,bicarinata,1,1,,NA,Mayr, 1870,Mayr,1870,,United States,Present,Present,http://www.antwiki.org/wiki/Pheidole bicarinata,NA,NA,NA,,NA,458899,1,Hymenoptera
Myrmicinae,Attini,Pheidole,Pheidole_bilimeki,NA,NA,NA,NA,NA,EF518316,NA,NA,NA,NA,NA,NA,Formicidae,bilimeki,0,1,,NA,Mayr, 1870,Mayr,1870,,Mexico,Present,Present,http://www.antwiki.org/wiki/Pheidole bilimeki,NA,NA,NA,,NA,458901,1,Hymenoptera
Myrmicinae,Attini,Pheidole,Pheidole_carrolli,NA,NA,NA,NA,EF518948,EF518322,NA,NA,NA,NA,NA,NA,Formicidae,carrolli,1,0,,NA,Naves, 1985,Naves,1985,,United States,Present,Present,http://www.antwiki.org/wiki/Pheidole carrolli,NA,NA,NA,,NA,458908,1,Hymenoptera
Myrmicinae,Attini,Pheidole,Pheidole_crassicornis,NA,NA,NA,NA,EF518962,NA,NA,NA,NA,NA,NA,NA,Formicidae,crassicornis,1,1,,NA,Emery, 1895,Emery,1895,,United States,Present,Present,http://www.antwiki.org/wiki/Pheidole crassicornis,NA,NA,NA,,NA,458921,1,Hymenoptera
Myrmicinae,Attini,Pheidole,Pheidole_davisi,NA,NA,NA,NA,EF518963,EF518337,NA,NA,NA,NA,NA,NA,Formicidae,davisi,0,1,,NA,Wheeler, W.M., 1905,Wheeler, W.M.,1905,,United States,Present,Present,http://www.antwiki.org/wiki/Pheidole davisi,NA,NA,NA,,NA,458922,1,Hymenoptera
Myrmicinae,Attini,Pheidole,Pheidole_dentata,NA,NA,NA,NA,EF518964,EF518338,NA,NA,NA,NA,NA,NA,Formicidae,dentata,1,1,,NA,Mayr, 1886,Mayr,1886,,United States,Present,Present,http://www.antwiki.org/wiki/Pheidole dentata,NA,NA,NA,,NA,458923,1,Hymenoptera
Myrmicinae,Attini,Pheidole,Pheidole_dentigula,NA,NA,NA,NA,NA,Manual,NA,NA,NA,NA,NA,NA,Formicidae,dentigula,1,1,,NA,Smith, M.R., 1927,Smith, M.R.,1927,,United States,Present,Present,http://www.antwiki.org/wiki/Pheidole dentigula,NA,NA,NA,need representative for this species,NA,NA,1,Hymenoptera
Myrmicinae,Attini,Pheidole,Pheidole_diversipilosa,NA,NA,NA,NA,EF518967,EF518341,NA,NA,NA,NA,NA,NA,Formicidae,diversipilosa,1,0,,NA,Wheeler, W.M., 1908,Wheeler, W.M.,1908,,United States,Present,Present,http://www.antwiki.org/wiki/Pheidole diversipilosa,NA,NA,NA,,NA,458926,1,Hymenoptera
Myrmicinae,Attini,Pheidole,Pheidole_flavens,NA,NA,NA,NA,EF518973,EF518348,NA,NA,NA,NA,NA,NA,Formicidae,flavens,1,0,,NA,Roger, 1863,Roger,1863,,Cuba,Present,Present,http://www.antwiki.org/wiki/Pheidole flavens,NA,NA,NA,,NA,458933,1,Hymenoptera
Myrmicinae,Attini,Pheidole,Pheidole_floridana,NA,NA,NA,NA,EF518974,EF518349,NA,NA,NA,NA,NA,NA,Formicidae,floridana,1,1,,NA,Emery, 1895,Emery,1895,,United States,Present,Present,http://www.antwiki.org/wiki/Pheidole floridana,NA,NA,NA,this is bilimeki, we should check genetic ,NA,458934,1,Hymenoptera
Myrmicinae,Attini,Pheidole,Pheidole_littoralis,NA,NA,NA,NA,EF518987,EF518363,NA,NA,NA,NA,NA,NA,Formicidae,littoralis,1,1,,NA,Cole, 1952,Cole,1952,,United States,Present,Present,http://www.antwiki.org/wiki/Pheidole littoralis,NA,NA,NA,,NA,458949,1,Hymenoptera
Myrmicinae,Attini,Pheidole,Pheidole_megacephala,NA,EU439647,NA,KM579275,KM597330,KJ141874,NA,NA,NA,KJ141363,KJ141235,NA,Formicidae,megacephala,1,0,,NA,(Fabricius, 1793),Fabricius,1793,Yes,Mauritius,Present,Present,http://www.antwiki.org/wiki/Pheidole megacephala,NA,NA,NA,,NA,300850,1,Hymenoptera
Myrmicinae,Attini,Pheidole,Pheidole_metallescens,NA,NA,NA,NA,EF518990,EF518367,NA,NA,NA,NA,NA,NA,Formicidae,metallescens,1,1,,NA,Emery, 1895,Emery,1895,,United States,Present,Present,http://www.antwiki.org/wiki/Pheidole metallescens,NA,NA,NA,,NA,458952,1,Hymenoptera
Myrmicinae,Attini,Pheidole,Pheidole_moerens,NA,NA,NA,NA,EF518994,EF518371,NA,NA,NA,NA,NA,NA,Formicidae,moerens,1,1,,NA,Wheeler, W.M., 1908,Wheeler, W.M.,1908,,Puerto Rico,Present,Present,http://www.antwiki.org/wiki/Pheidole moerens,NA,NA,NA,,NA,458956,1,Hymenoptera
Myrmicinae,Attini,Pheidole,Pheidole_morrisii,NA,NA,NA,AY101369,JN205086,JN205097,NA,NA,NA,NA,NA,NA,Formicidae,morrisii,1,1,,NA,Forel, 1886,Forel,1886,,United States,Present,Present,http://www.antwiki.org/wiki/Pheidole morrisii,NA,NA,NA,,NA,615237,1,Hymenoptera
Myrmicinae,Attini,Pheidole,Pheidole_obscurithorax,NA,NA,NA,NA,EF518999,EF518376,NA,NA,NA,NA,NA,NA,Formicidae,obscurithorax,1,1,,NA,Naves, 1985,Naves,1985,,Argentina,Present,Present,http://www.antwiki.org/wiki/Pheidole obscurithorax,NA,NA,NA,,NA,458959,1,Hymenoptera
Myrmicinae,Attini,Pheidole,Pheidole_pilifera,NA,NA,NA,NA,EF519007,EF518384,NA,NA,NA,NA,NA,NA,Formicidae,pilifera,0,1,,NA,(Roger, 1863),Roger,1863,Yes,United States,Present,Present,http://www.antwiki.org/wiki/Pheidole pilifera,NA,NA,NA,,NA,458965,1,Hymenoptera
Myrmicinae,Attini,Pheidole,Pheidole_tysoni,NA,NA,NA,NA,KJ141541,KJ141790,NA,NA,NA,KJ141343,KJ141215,NA,Formicidae,tysoni,1,1,,NA,Forel, 1901,Forel,1901,,United States,Present,Present,http://www.antwiki.org/wiki/Pheidole tysoni,NA,NA,NA,,NA,459018,1,Hymenoptera
Myrmicinae,Attini,Strumigenys,Strumigenys_eggersi,NA,NA,NA,NA,NA,JN289315,NA,NA,NA,NA,NA,NA,Formicidae,eggersi,1,1,,NA,Emery, 1890,Emery,1890,,Lesser Antilles,Present,Present,http://www.antwiki.org/wiki/Strumigenys eggersi,NA,NA,NA,,NA,NA,1,Hymenoptera
Myrmicinae,Attini,Strumigenys,Strumigenys_emmae,KJ860215,KJ860027,KJ861302,KJ861915,KJ861486,EU525224,KJ860644,KJ859839,KJ861104,KJ860871,KJ861713,KJ860442,Formicidae,emmae,1,0,,NA,(Emery, 1890),Emery,1890,Yes,Virgin Islands,Present,Present,http://www.antwiki.org/wiki/Strumigenys emmae,NA,NA,NA,,NA,443846,1,Hymenoptera
Myrmicinae,Attini,Strumigenys,Strumigenys_gundlachi,KJ860218,KJ860030,KJ861305,KJ861918,KJ861489,NA,KJ860647,KJ859842,KJ861108,KJ860875,KJ861717,KJ860446,Formicidae,gundlachi,1,0,,NA,(Roger, 1862),Roger,1862,Yes,Cuba,Present,Present,http://www.antwiki.org/wiki/Strumigenys gundlachi,NA,NA,NA,,NA,1539500,1,Hymenoptera
Myrmicinae,Attini,Strumigenys,Strumigenys_lanuginosa,NA,NA,NA,NA,NA,KM224752,NA,NA,NA,NA,NA,NA,Formicidae,lanuginosa,1,0,,NA,Wheeler, W.M., 1905,Wheeler, W.M.,1905,,Bahamas,Present,Present,http://www.antwiki.org/wiki/Strumigenys lanuginosa,NA,NA,NA,,NA,625687,1,Hymenoptera
Myrmicinae,Attini,Strumigenys,Strumigenys_louisianae,NA,NA,NA,NA,NA,JF863530,NA,NA,NA,NA,NA,NA,Formicidae,louisianae,1,1,,NA,Roger, 1863,Roger,1863,,United States,Present,Present,http://www.antwiki.org/wiki/Strumigenys louisianae,NA,NA,NA,,NA,NA,1,Hymenoptera
Myrmicinae,Attini,Strumigenys,Strumigenys_membranifera,KJ860221,KJ860033,KJ861308,KJ861921,KJ861492,NA,KJ860650,KJ859845,KJ861111,KJ860878,KJ861720,KJ860449,Formicidae,membranifera,1,1,,NA,Emery, 1869,Emery,1869,,Italy,Present,Present,http://www.antwiki.org/wiki/Strumigenys membranifera,NA,NA,NA,,NA,1539503,1,Hymenoptera
Myrmicinae,Attini,Strumigenys,Strumigenys_rogeri,KJ860225,KJ860037,KJ861312,KJ861925,KJ861496,KX054829,KJ860654,KJ859849,KJ861115,KJ860882,KJ861724,KJ860453,Formicidae,rogeri,1,0,,NA,Emery, 1890,Emery,1890,,Antilles,Present,Present,http://www.antwiki.org/wiki/Strumigenys rogeri,NA,NA,NA,,NA,443847,1,Hymenoptera
Myrmicinae,Attini,Trachymyrmex,Trachymyrmex_jamaicensis,DQ353448,DQ353622,DQ352968,DQ353036,DQ353224,DQ353390,NA,NA,NA,NA,NA,NA,Formicidae,jamaicensis,1,0,,NA,(Andr‚àö¬©, 1893),Andr‚àö¬©,1893,Yes,Jamaica,Present,Present,http://www.antwiki.org/wiki/Trachymyrmex jamaicensis,NA,NA,NA,,Dropped EF1aF1 because taxxon not grouping with other Trachymyrmex and it might be that the addition of this EF1aF1 threw things off MK600369,369245,1,Hymenoptera
Myrmicinae,Attini,Trachymyrmex,Trachymyrmex_septentrionalis,NA,NA,NA,EU204184,NA,EU561595,NA,NA,NA,NA,KY828551,NA,Formicidae,septentrionalis,1,1,,NA,(McCook, 1881),McCook,1881,Yes,United States,Present,,http://www.antwiki.org/wiki/Trachymyrmex septentrionalis,NA,NA,NA,,dropped manually replaced accession EU204337 as was not aligning well,34720,1,Hymenoptera
Myrmicinae,Attini,Wasmannia,Wasmannia_auropunctata,EF012950,EF013078,EF013206,EU204163,EF013658,KX585772,NA,EU204558,KJ861138,KJ860907,KJ861749,KJ860478,Formicidae,auropunctata,1,0,,NA,(Roger, 1863),Roger,1863,Yes,Cuba,Present,Present,http://www.antwiki.org/wiki/Wasmannia auropunctata,NA,NA,NA,,dropped EF1aF1 - was not aligning well EU204316,64793,1,Hymenoptera
Myrmicinae,Crematogastrini,Cardiocondyla,Cardiocondyla_emeryi,NA,NA,NA,NA,FN985485,KX051824,FN984925,FN984973,NA,NA,NA,NA,Formicidae,emeryi,1,0,,NA,Forel, 1881,Forel,1881,,Australia,Present,Present,http://www.antwiki.org/wiki/Cardiocondyla emeryi,NA,NA,NA,,NA,329303,1,Hymenoptera
Myrmicinae,Crematogastrini,Cardiocondyla,Cardiocondyla_mauritanica,EF012849,EF012977,EF013105,EF013685,EF013557,KY836376,EF013239,EF013401,KJ860943,KJ860703,KJ861545,KJ860274,Formicidae,mauritanica,1,0,nuda,NA,Forel, 1890,Forel,1890,,Tunisia,Present,Present,http://www.antwiki.org/wiki/Cardiocondyla mauritanica,NA,NA,NA,,NA,314138,1,Hymenoptera
Myrmicinae,Crematogastrini,Cardiocondyla,Cardiocondyla_minutior,NA,NA,NA,NA,FN985497,KX051833,FN984929,FN984977,NA,NA,NA,NA,Formicidae,minutior,1,0,,NA,Forel, 1899,Forel,1899,,Hawaii but its natural range is Indomalayan region,Present,Present,http://www.antwiki.org/wiki/Cardiocondyla minutior,NA,NA,NA,,NA,329306,1,Hymenoptera
Myrmicinae,Crematogastrini,Cardiocondyla,Cardiocondyla_nuda,NA,NA,NA,NA,FN985519,NA,FN984961,FN985012,NA,NA,NA,NA,Formicidae,nuda,0,1,nuda,NA,(Mayr, 1866),Mayr,1866,Yes,Fiji,Present,Present,http://www.antwiki.org/wiki/Cardiocondyla nuda,NA,NA,NA,,NA,606313,1,Hymenoptera
Myrmicinae,Crematogastrini,Cardiocondyla,Cardiocondyla_obscurior,DQ353426,DQ353582,DQ352870,DQ353021,DQ353254,DQ353316,FN984958,FN985009,NA,NA,NA,NA,Formicidae,obscurior,1,0,,NA,Wheeler, W.M., 1929,Wheeler, W.M.,1929,,Taiwan,Present,,http://www.antwiki.org/wiki/Cardiocondyla obscurior,NA,NA,NA,,NA,286306,1,Hymenoptera
Myrmicinae,Crematogastrini,Cardiocondyla,Cardiocondyla_venustula,NA,NA,NA,NA,FN985515,NA,FN984935,FN984983,NA,NA,NA,NA,Formicidae,venustula,1,1,,NA,Wheeler, W.M., 1908,Wheeler, W.M.,1908,,Puerto Rico,Present,Present,http://www.antwiki.org/wiki/Cardiocondyla venustula,NA,NA,NA,,NA,606333,1,Hymenoptera
Myrmicinae,Crematogastrini,Cardiocondyla,Cardiocondyla_wroughtonii,NA,NA,NA,NA,NA,KU985554,NA,NA,NA,NA,NA,NA,Formicidae,wroughtonii,1,1,,NA,(Forel, 1890),Forel,1890,Yes,India,Present,Present,http://www.antwiki.org/wiki/Cardiocondyla wroughtonii,NA,NA,NA,,NA,329301,1,Hymenoptera
Myrmicinae,Crematogastrini,Crematogaster,Crematogaster_ashmeadi,NA,NA,NA,NA,NA,Manual,NA,NA,NA,NA,NA,NA,Formicidae,ashmeadi,1,1,,NA,Mayr, 1886,Mayr,1886,,United States,Present,,http://www.antwiki.org/wiki/Crematogaster ashmeadi,NA,NA,NA,common species in litter, would be great to have,NA,NA,1,Hymenoptera
Myrmicinae,Crematogastrini,Crematogaster,Crematogaster_laeviuscula,NA,NA,NA,NA,NA,MG343520,NA,NA,NA,NA,NA,NA,Formicidae,laeviuscula,1,1,,NA,Mayr, 1870,Mayr,1870,,Mexico,Present,,http://www.antwiki.org/wiki/Crematogaster laeviuscula,NA,NA,NA,not important,NA,NA,1,Hymenoptera
Myrmicinae,Crematogastrini,Crematogaster,Crematogaster_lineolata,NA,NA,NA,AY101370,JQ326694,KP252162,NA,NA,JQ326464,JQ326579,JQ326809,NA,Formicidae,lineolata,1,1,,NA,(Say, 1836),Say,1836,Yes,Unites States,Present,,http://www.antwiki.org/wiki/Crematogaster lineolata,NA,NA,NA,,NA,195111,1,Hymenoptera
Myrmicinae,Crematogastrini,Crematogaster,Crematogaster_minutissima,NA,NA,NA,NA,NA,AY443981,NA,NA,NA,NA,NA,NA,Formicidae,minutissima,1,1,,NA,Mayr, 1870,Mayr,1870,,United States,Present,Present,http://www.antwiki.org/wiki/Crematogaster minutissima,NA,NA,NA,,NA,254727,1,Hymenoptera
Myrmicinae,Crematogastrini,Crematogaster,Crematogaster_pilosa,NA,NA,NA,JQ326361,JQ326715,NA,NA,NA,NA,JQ326600,JQ326830,NA,Formicidae,pilosa,1,1,,NA,Emery, 1895,Emery,1895,,United States,Present,,http://www.antwiki.org/wiki/Crematogaster pilosa,NA,NA,NA,,NA,1201998,1,Hymenoptera
Myrmicinae,Crematogastrini,Myrmecina,Myrmecina_americana,KJ860153,KJ859965,KJ861240,KJ861853,KJ861425,DQ249340,KJ860582,KJ859777,KJ861029,KJ860792,KJ861634,KJ860363,Formicidae,americana,1,1,,NA,Emery, 1895,Emery,1895,,United States,Present,,http://www.antwiki.org/wiki/Myrmecina americana,NA,NA,NA,,NA,357227,1,Hymenoptera
Myrmicinae,Crematogastrini,Temnothorax,Temnothorax_allardycei,NA,MF427441,MF427332,MF427005,MF427114,NA,NA,MF427223,MF436476,MF436367,MF436258,NA,Formicidae,allardycei,1,0,,NA,(Mann, 1920),Mann,1920,Yes,Bahamas,Present,Present,http://www.antwiki.org/wiki/Temnothorax allardycei,NA,NA,NA,,NA,628180,1,Hymenoptera
Myrmicinae,Crematogastrini,Temnothorax,Temnothorax_americanus,NA,MF427443,MF427334,MF427007,MF427116,NA,NA,MF427225,MF436478,MF436369,MF436260,NA,Formicidae,americanus,0,1,,NA,(Emery, 1895),Emery,1895,Yes,United States,Present,Present,http://www.antwiki.org/wiki/Temnothorax americanus,NA,NA,NA,,NA,1964332,1,Hymenoptera
Myrmicinae,Crematogastrini,Temnothorax,Temnothorax_curvispinosus,NA,MF427465,MF427356,MF427029,MF427138,NA,NA,MF427247,MF436500,MF436391,MF436282,NA,Formicidae,curvispinosus,1,1,,NA,(Mayr, 1866),Mayr,1866,Yes,United States,Present,Present,http://www.antwiki.org/wiki/Temnothorax curvispinosus,NA,NA,NA,,dropped COI AY757258 because aligned strangely and was throwing off position,300111,1,Hymenoptera
Myrmicinae,Crematogastrini,Temnothorax,Temnothorax_longispinosus,NA,MF427484,MF427375,MF427048,MF427157,NA,NA,MF427266,MF436519,MF436410,MF436301,NA,Formicidae,longispinosus,0,1,,NA,(Roger, 1863),Roger,1863,Yes,United States,Present,Present,http://www.antwiki.org/wiki/Temnothorax longispinosus,NA,NA,NA,,dropped COI AY757235 because aligned strangely and was throwing off position,300112,1,Hymenoptera
Myrmicinae,Crematogastrini,Temnothorax,Temnothorax_pergandei,NA,MF427502,MF427393,MF427066,MF427175,NA,NA,MF427284,MF436537,MF436428,MF436319,NA,Formicidae,pergandei,1,1,,NA,(Emery, 1895),Emery,1895,Yes,United States,Present,Present,http://www.antwiki.org/wiki/Temnothorax pergandei,NA,NA,NA,,NA,628405,1,Hymenoptera
Myrmicinae,Crematogastrini,Temnothorax,Temnothorax_schaumii,NA,MF427514,MF427405,MF427078,MF427187,NA,NA,MF427296,MF436549,MF436440,MF436331,NA,Formicidae,schaumii,1,1,,NA,(Roger, 1863),Roger,1863,Yes,United States,Present,Present,http://www.antwiki.org/wiki/Temnothorax schaumii,NA,NA,NA,,NA,628444,1,Hymenoptera
Myrmicinae,Crematogastrini,Temnothorax,Temnothorax_smithi,NA,MF427517,MF427408,MF427081,MF427190,NA,NA,MF427299,MF436552,MF436443,MF436334,NA,Formicidae,smithi,1,1,,NA,(Baroni Urbani, 1978),Baroni Urbani,1978,Yes,United States,Present,Present,http://www.antwiki.org/wiki/Temnothorax smithi,NA,NA,NA,,NA,628458,1,Hymenoptera
Myrmicinae,Crematogastrini,Temnothorax,Temnothorax_torrei,NA,MF427525,MF427416,MF427089,MF427198,NA,NA,MF427307,MF436559,MF436451,MF436342,NA,Formicidae,torrei,1,0,,NA,(Aguayo, 1931),Aguayo,1931,Yes,Cuba,Present,Present,http://www.antwiki.org/wiki/Temnothorax torrei,NA,NA,NA,,NA,628488,1,Hymenoptera
Myrmicinae,Crematogastrini,Temnothorax,Temnothorax_tuscaloosae,NA,MF427528,MF427419,MF427092,MF427201,NA,NA,MF427310,MF436562,MF436454,MF436345,NA,Formicidae,tuscaloosae,0,1,,NA,(Wilson, 1951),Wilson,1951,Yes,United States,Present,Present,http://www.antwiki.org/wiki/Temnothorax tuscaloosae,NA,NA,NA,,NA,628496,1,Hymenoptera
Myrmicinae,Crematogastrini,Tetramorium,Tetramorium_bicarinatum,NA,EU490480,NA,NA,NA,AY909379,NA,NA,NA,NA,NA,NA,Formicidae,bicarinatum,1,1,bicarinatum,NA,(Nylander, 1846),Nylander,1846,Yes,United States,Present,Present,http://www.antwiki.org/wiki/Tetramorium bicarinatum,NA,NA,NA,,NA,219812,1,Hymenoptera
Myrmicinae,Crematogastrini,Tetramorium,Tetramorium_caldarium,NA,NA,NA,KM579369,KM597419,KC921199,NA,NA,NA,NA,KM579090,NA,Formicidae,caldarium,1,0,simillimum,NA,(Roger, 1857),Roger,1857,Yes,Poland,Present,Present,http://www.antwiki.org/wiki/Tetramorium caldarium,NA,NA,NA,,NA,628592,1,Hymenoptera
Myrmicinae,Crematogastrini,Tetramorium,Tetramorium_immigrans,NA,NA,NA,NA,NA,MF134291,NA,NA,NA,NA,NA,NA,Formicidae,immigrans,0,1,,NA,Santschi, 1927,Santschi,1927,,Chile,,,http://www.antwiki.org/wiki/Tetramorium immigrans,NA,NA,NA,,NA,2164160,1,Hymenoptera
Myrmicinae,Crematogastrini,Tetramorium,Tetramorium_simillimum,NA,EU490468,NA,KM579390,KM597440,DQ176172,NA,NA,NA,NA,KM579111,NA,Formicidae,simillimum,1,1,simillimum,NA,(Smith, F., 1851),Smith, F.,1851,Yes,United Kingdom of Great Britain and Northern Ireland,Present,Present,http://www.antwiki.org/wiki/Tetramorium simillimum,NA,NA,NA,,NA,443853,1,Hymenoptera
Myrmicinae,Crematogastrini,Tetramorium,Tetramorium_tsushimae,NA,NA,NA,NA,NA,AY641700,NA,NA,NA,NA,NA,NA,Formicidae,tsushimae,0,1,,NA,Emery, 1925,Emery,1925,,Japan,Present,,http://www.antwiki.org/wiki/Tetramorium tsushimae,NA,NA,NA,,NA,291737,1,Hymenoptera
Myrmicinae,Crematogastrini,Trichomyrmex,Trichomyrmex_destructor,KJ860138,KJ859950,DQ352921,KJ847542,KJ861410,DQ353305,KJ860567,KJ847514,KJ861013,KJ860776,KJ861618,KJ860347,Formicidae,destructor,1,0,destructor,NA,(Jerdon, 1851),Jerdon,1851,Yes,India,Present,Present,http://www.antwiki.org/wiki/Trichomyrmex destructor,NA,NA,NA,,NA,369170,1,Hymenoptera
Myrmicinae,Crematogastrini,Xenomyrmex,Xenomyrmex_floridanus,EF012951,EF013079,DQ352904,DQ353005,EF013659,DQ353320,EF013369,EF013531,KJ861139,KJ860908,KJ861750,KJ860479,Formicidae,floridanus,1,0,,NA,Emery, 1895,Emery,1895,,United States,Present,Present,http://www.antwiki.org/wiki/Xenomyrmex floridanus,NA,NA,NA,,NA,369252,1,Hymenoptera
Myrmicinae,Myrmicini,Myrmica,Myrmica_americana,FJ824204,FJ824294,FJ824364,AY101371,GU109379,GQ255125,NA,NA,GQ254935,NA,NA,NA,Formicidae,americana,0,1,,NA,Weber, 1939,Weber,1939,,United States,Present,,http://www.antwiki.org/wiki/Myrmica americana,NA,NA,NA,,NA,195148,1,Hymenoptera
Myrmicinae,Myrmicini,Myrmica,Myrmica_latifrons,NA,NA,NA,NA,KJ920613,NA,NA,KJ920576,NA,NA,NA,NA,Formicidae,latifrons,0,1,,NA,St‚àö¬ßrcke, 1927,St‚àö¬ßrcke,1927,,United States,Present,,http://www.antwiki.org/wiki/Myrmica latifrons,NA,NA,NA,,NA,612819,1,Hymenoptera
Myrmicinae,Myrmicini,Myrmica,Myrmica_pinetorum,NA,NA,NA,NA,NA,Manual,NA,NA,NA,NA,NA,NA,Formicidae,pinetorum,0,1,,NA,Wheeler, W.M., 1905,Wheeler, W.M.,1905,,United States,Present,Present,http://www.antwiki.org/wiki/Myrmica pinetorum,NA,NA,NA,common species in litter, would be great to have,NA,NA,1,Hymenoptera
Myrmicinae,Myrmicini,Myrmica,Myrmica_punctiventris,NA,GQ255253,NA,NA,GU109423,GQ255168,NA,NA,GQ254979,NA,NA,NA,Formicidae,punctiventris,1,1,,NA,Roger, 1863,Roger,1863,,United States,Present,Present,http://www.antwiki.org/wiki/Myrmica punctiventris,NA,NA,NA,,NA,68986,1,Hymenoptera
Myrmicinae,Pogonomyrmecini,Pogonomyrmex,Pogonomyrmex_badius,FJ824225,FJ824314,FJ824363,KU318947,KU318896,FJ824448,KU318801,AY651892,FJ824374,KU318716,NA,NA,Formicidae,badius,1,1,californicus,NA,(Latreille, 1802),Latreille,1802,Yes,United States,Present,Present,http://www.antwiki.org/wiki/Pogonomyrmex badius,NA,NA,NA,,NA,269696,1,Hymenoptera
Myrmicinae,Solenopsidini,Monomorium,Monomorium_floricola,NA,NA,NA,KM579229,NA,KJ847481,NA,KJ847516,NA,NA,KM578950,NA,Formicidae,floricola,1,0,,NA,(Jerdon, 1851),Jerdon,1851,Yes,India,Present,Present,http://www.antwiki.org/wiki/Monomorium floricola,NA,NA,NA,,NA,612295,1,Hymenoptera
Myrmicinae,Solenopsidini,Monomorium,Monomorium_minimum,NA,NA,NA,NA,NA,KX687942,NA,NA,NA,NA,NA,NA,Formicidae,minimum,0,1,,NA,(Buckley, 1867),Buckley,1867,Yes,United States,Present,Present,http://www.antwiki.org/wiki/Monomorium minimum,NA,NA,NA,,NA,612392,1,Hymenoptera
Myrmicinae,Solenopsidini,Monomorium,Monomorium_pharaonis,KJ860147,KJ859959,AY850637,MG458936,KJ861419,KJ847499,NA,EU204568,KJ861023,KJ860786,KJ861628,KJ860357,Formicidae,pharaonis,1,1,,NA,(Linnaeus, 1758),Linnaeus,1758,Yes,Egypt,Present,Present,http://www.antwiki.org/wiki/Monomorium pharaonis,NA,NA,NA,Dropped EF1aF1 because was not aligning well EU204326,NA,307658,1,Hymenoptera
Myrmicinae,Solenopsidini,Monomorium,Monomorium_viridum,NA,NA,NA,NA,NA,KY500952,NA,NA,NA,NA,NA,NA,Formicidae,viridum,1,1,,NA,Brown, 1943,Brown,1943,,United States,Present,Present,http://www.antwiki.org/wiki/Monomorium viridum,NA,NA,NA,,NA,2021447,1,Hymenoptera
Myrmicinae,Solenopsidini,Solenopsis,Solenopsis_carolinensis,DQ067097,NA,NA,NA,NA,HM179645,NA,NA,NA,NA,NA,NA,Formicidae,carolinensis,1,1,,NA,Forel, 1901,Forel,1901,,United States,Present,Present,http://www.antwiki.org/wiki/Solenopsis carolinensis,NA,NA,NA,,NA,332062,1,Hymenoptera
Myrmicinae,Solenopsidini,Solenopsis,Solenopsis_geminata,AY334567,NA,NA,NA,NA,AY254489,NA,NA,NA,NA,NA,NA,Formicidae,geminata,1,1,geminata,NA,(Fabricius, 1804),Fabricius,1804,Yes,Central America,Present,Present,http://www.antwiki.org/wiki/Solenopsis geminata,NA,NA,NA,,NA,121131,1,Hymenoptera
Myrmicinae,Solenopsidini,Solenopsis,Solenopsis_globularia,NA,NA,NA,NA,NA,KT200424,NA,NA,NA,NA,NA,NA,Formicidae,globularia,1,1,,NA,(Smith, F., 1858),Smith, F.,1858,Yes,United States,Present,Present,http://www.antwiki.org/wiki/Solenopsis globularia,NA,NA,NA,,NA,176592,1,Hymenoptera
Myrmicinae,Solenopsidini,Solenopsis,Solenopsis_invicta,AY334566,DQ353687,DQ352941,DQ353039,NA,DQ353293,NA,KP730149,NA,KP860425,NA,NA,Formicidae,invicta,1,1,saevissima,NA,Buren, 1972,Buren,1972,,United States,Present,Present,http://www.antwiki.org/wiki/Solenopsis invicta,NA,NA,NA,,NA,13686,1,Hymenoptera
Myrmicinae,Solenopsidini,Solenopsis,Solenopsis_molesta,EF012934,EF013062,EF013190,MG458937,EF013642,MG458950,EF013348,EF013510,KJ861089,KJ860855,KJ861697,KJ860426,Formicidae,molesta,0,1,,NA,(Say, 1836),Say,1836,Yes,United States,Present,Present,http://www.antwiki.org/wiki/Solenopsis molesta,NA,NA,NA,,NA,411725,1,Hymenoptera
Myrmicinae,Solenopsidini,Solenopsis,Solenopsis_xyloni,EF012935,EF013063,EF013191,JQ742896,EF013643,DQ153015,EF013349,EF013511,KJ861092,KJ860858,KJ861700,KJ860429,Formicidae,xyloni,0,1,geminata,NA,McCook, 1879,McCook,1879,,United States,Present,,http://www.antwiki.org/wiki/Solenopsis xyloni,NA,NA,NA,,NA,310435,1,Hymenoptera
Myrmicinae,Stenammini,Aphaenogaster,Aphaenogaster_ashmeadi,NA,NA,NA,KJ920651,KP860353,KP730068,NA,KP730150,NA,KJ920551,NA,NA,Formicidae,ashmeadi,1,1,,NA,(Emery, 1895),Emery,1895,Yes,United States,Present,,http://www.antwiki.org/wiki/Aphaenogaster ashmeadi,NA,NA,NA,,NA,602585,1,Hymenoptera
Myrmicinae,Stenammini,Aphaenogaster,Aphaenogaster_carolinensis,NA,NA,NA,MG458941,KP860357,MG458954,NA,KP730154,NA,KP860429,NA,NA,Formicidae,carolinensis,1,1,,NA,Wheeler, W.M., 1915,Wheeler, W.M.,1915,,United States,Present,,http://www.antwiki.org/wiki/Aphaenogaster carolinensis,NA,NA,NA,,NA,602600,1,Hymenoptera
Myrmicinae,Stenammini,Aphaenogaster,Aphaenogaster_flemingi,NA,NA,NA,KJ920657,KJ920622,KJ920522,NA,KJ920587,NA,KJ920555,NA,NA,Formicidae,flemingi,1,1,,NA,Smith, M.R., 1928,Smith, M.R.,1928,,United States,Present,,http://www.antwiki.org/wiki/Aphaenogaster flemingi,NA,NA,NA,,NA,602632,1,Hymenoptera
Myrmicinae,Stenammini,Aphaenogaster,Aphaenogaster_floridana,NA,NA,NA,KP730233,KP860358,KP730073,NA,KP730155,NA,KJ920556,NA,NA,Formicidae,floridana,1,1,,NA,Smith, M.R., 1941,Smith, M.R.,1941,,United States,Present,,http://www.antwiki.org/wiki/Aphaenogaster floridana,NA,NA,NA,,NA,602633,1,Hymenoptera
Myrmicinae,Stenammini,Aphaenogaster,Aphaenogaster_fulva,NA,NA,NA,KP730242,KP860367,KP730082,NA,KP730164,NA,KP860439,NA,NA,Formicidae,fulva,1,1,,NA,Roger, 1863,Roger,1863,,United States,Present,,http://www.antwiki.org/wiki/Aphaenogaster fulva,NA,NA,NA,,NA,602636,1,Hymenoptera
Myrmicinae,Stenammini,Aphaenogaster,Aphaenogaster_lamellidens,NA,NA,NA,KP730244,KP860369,KP730084,NA,KP730166,NA,KP860441,NA,NA,Formicidae,lamellidens,1,1,,NA,Mayr, 1886,Mayr,1886,,United States,Present,,http://www.antwiki.org/wiki/Aphaenogaster lamellidens,NA,NA,NA,,NA,602667,1,Hymenoptera
Myrmicinae,Stenammini,Aphaenogaster,Aphaenogaster_mariae,NA,NA,NA,KP730245,KP860370,KP730085,NA,KP730167,NA,KP860442,NA,NA,Formicidae,mariae,1,1,,NA,Forel, 1886,Forel,1886,,United States,Present,Present,http://www.antwiki.org/wiki/Aphaenogaster mariae,NA,NA,NA,,NA,602676,1,Hymenoptera
Myrmicinae,Stenammini,Aphaenogaster,Aphaenogaster_miamiana,NA,NA,NA,KP730247,KP860373,KP730088,NA,KP730170,NA,KP860445,NA,NA,Formicidae,miamiana,1,1,,NA,Wheeler, W.M., 1932,Wheeler, W.M.,1932,,Mexico,Present,,http://www.antwiki.org/wiki/Aphaenogaster miamiana,NA,NA,NA,,NA,602682,1,Hymenoptera
Myrmicinae,Stenammini,Aphaenogaster,Aphaenogaster_picea,NA,NA,NA,KP730266,KP860391,KP730106,NA,KP730188,NA,KP860463,NA,NA,Formicidae,picea,0,1,,NA,(Wheeler, W.M., 1908),Wheeler, W.M.,1908,Yes,Canada,Present,,http://www.antwiki.org/wiki/Aphaenogaster picea,NA,NA,NA,,NA,602698,1,Hymenoptera
Myrmicinae,Stenammini,Aphaenogaster,Aphaenogaster_rudis,FJ824191,FJ824281,FJ824330,KP730285,KP860412,FJ824413,NA,KP730209,FJ824372,KP860484,NA,NA,Formicidae,rudis,0,1,,NA,Enzmann, J., 1947,Enzmann, J.,1947,,United States,Present,,http://www.antwiki.org/wiki/Aphaenogaster rudis,NA,NA,NA,,NA,500656,1,Hymenoptera
Myrmicinae,Stenammini,Aphaenogaster,Aphaenogaster_tennesseensis,NA,NA,NA,KP730288,KP860415,KR789357,NA,KP730212,NA,KP860487,NA,NA,Formicidae,tennesseensis,1,1,,NA,(Mayr, 1862),Mayr,1862,Yes,United States,Present,,http://www.antwiki.org/wiki/Aphaenogaster tennesseensis,NA,NA,NA,,NA,374455,1,Hymenoptera
Myrmicinae,Stenammini,Aphaenogaster,Aphaenogaster_treatae,NA,NA,NA,KP730295,KP860420,KM538001,NA,KP730219,NA,NA,NA,NA,Formicidae,treatae,1,1,,NA,Forel, 1886,Forel,1886,,United States,Present,,http://www.antwiki.org/wiki/Aphaenogaster treatae,NA,NA,NA,,NA,525435,1,Hymenoptera
Myrmicinae,Stenammini,Aphaenogaster,Aphaenogaster_umphreyi,NA,NA,NA,KP730297,KP860422,KP730141,NA,KP730221,NA,KP860492,NA,NA,Formicidae,umphreyi,1,1,,NA,Deyrup & Davis, 1998,Deyrup & Davis,1998,,United States,Present,,http://www.antwiki.org/wiki/Aphaenogaster umphreyi,NA,NA,NA,,NA,602773,1,Hymenoptera
Myrmicinae,Stenammini,Stenamma,Stenamma_brevicorne,NA,NA,NA,JQ742898,NA,KR932939,NA,NA,JQ742530,JQ742586,JQ742786,JQ742842,Formicidae,brevicorne,0,1,,NA,(Mayr, 1886),Mayr,1886,Yes,United States,Present,Present,http://www.antwiki.org/wiki/Stenamma brevicorne,NA,NA,NA,,NA,625348,1,Hymenoptera
Myrmicinae,Stenammini,Stenamma,Stenamma_diecki,NA,JQ742438,JQ742482,JQ742903,JQ742738,JQ742647,NA,JQ742694,JQ742535,JQ742591,JQ742791,JQ742847,Formicidae,diecki,0,1,,NA,Emery, 1895,Emery,1895,,Canada,Present,Present,http://www.antwiki.org/wiki/Stenamma diecki,NA,NA,NA,,NA,625352,1,Hymenoptera
Myrmicinae,Stenammini,Stenamma,Stenamma_foveolocephalum,NA,JQ742442,JQ742486,JQ742909,JQ742742,JQ742653,NA,JQ742698,JQ742541,JQ742597,JQ742797,JQ742853,Formicidae,foveolocephalum,1,1,,NA,Smith, M.R., 1930,Smith, M.R.,1930,,United States,Present,Present,http://www.antwiki.org/wiki/Stenamma foveolocephalum,NA,NA,NA,,NA,625357,1,Hymenoptera
Myrmicinae,Stenammini,Stenamma,Stenamma_impar,NA,JQ742446,JQ742490,JQ742913,JQ742746,JQ742657,NA,JQ742702,JQ742545,JQ742601,JQ742801,JQ742857,Formicidae,impar,0,1,,NA,Forel, 1901,Forel,1901,,United States,Present,Present,http://www.antwiki.org/wiki/Stenamma impar,NA,NA,NA,,NA,625363,1,Hymenoptera
Myrmicinae,Stenammini,Stenamma,Stenamma_meridionale,NA,GQ411006,GQ410997,NA,GQ411012,NA,NA,GQ410988,NA,NA,NA,NA,Formicidae,meridionale,0,1,,NA,Smith, M.R., 1957,Smith, M.R.,1957,,United States,Present,Present,http://www.antwiki.org/wiki/Stenamma meridionale,NA,NA,NA,,NA,625370,1,Hymenoptera
Myrmicinae,Stenammini,Stenamma,Stenamma_schmittii,NA,JQ742472,JQ742516,JQ742939,JQ742772,JQ742683,NA,JQ742728,JQ742571,JQ742627,JQ742827,JQ742883,Formicidae,schmittii,0,1,,NA,Wheeler, W.M., 1903,Wheeler, W.M.,1903,,United States,Present,Present,http://www.antwiki.org/wiki/Stenamma schmittii,NA,NA,NA,,NA,1158934,1,Hymenoptera
Odontophotopsis,Odontophotopsis,Odontophotopsis,Odontophotopsis_sp,DQ353550,DQ353561,NA,DQ353146,NA,NA,NA,NA,NA,NA,NA,NA,Mutillidae,NA,NA,NA,NA,NA,NA,NA,NA,NA,NA,NA,NA,NA,NA,NA,NA,NA,NA,NA,NA,Hymenoptera
Philanthus,Philanthus,Philanthus,Philanthus_sp,DQ353551,DQ353559,DQ352874,NA,NA,NA,NA,NA,NA,NA,NA,NA,Crabronidae,NA,NA,NA,NA,NA,NA,NA,NA,NA,NA,NA,NA,NA,NA,NA,NA,NA,NA,NA,NA,Hymenoptera
Ponerinae,Platythyreini,Platythyrea,Platythyrea_punctata,EF012912,EF013040,DQ352895,DQ353133,EF013620,DQ353357,EF013323,EF013485,MF626181,JX310643,MF626072,MF625963,Formicidae,punctata,1,0,,NA,(Smith, F., 1858),Smith, F.,1858,Yes,Central America,Present,Present,http://www.antwiki.org/wiki/Platythyrea punctata,NA,NA,NA,,NA,77147,1,Hymenoptera
Ponerinae,Ponerini,Anochetus,Anochetus_mayri,DQ353522,DQ353643,DQ352986,KU254486,JN675409,KU504845,NA,NA,NA,JX310574,NA,NA,Formicidae,mayri,1,0,,NA,Emery, 1884,Emery,1884,,Antilles Is,Present,Present,http://www.antwiki.org/wiki/Anochetus mayri,NA,NA,NA,,NA,369091,1,Hymenoptera
Ponerinae,Ponerini,Brachyponera,Brachyponera_chinensis,AB126801,AB126802,NA,JN419156,JN675439,KC685047,NA,NA,NA,JX310616,NA,NA,Formicidae,chinensis,0,1,,NA,(Emery, 1895),Emery,1895,Yes,China,Present,Present,http://www.antwiki.org/wiki/Brachyponera chinensis,NA,NA,NA,common species in litter, would be great to have,NA,NA,1,Hymenoptera
Ponerinae,Ponerini,Brachyponera,Brachyponera_obscurans,NA,MF626096,MF625665,MF625987,MF626205,EF609942,NA,MF625878,MF626143,NA,MF626034,MF625925,Formicidae,obscurans,0,0,,NA,(Walker, 1859),Walker,1859,Yes,Sri Lanka,Present,,http://www.antwiki.org/wiki/Brachyponera obscurans,NA,NA,NA,common species in litter, would be great to have,Alternate for Brachyponera chinensis,2077367,1,Hymenoptera
Ponerinae,Ponerini,Cryptopone,Cryptopone_gilva,DQ353517,DQ353646,DQ352891,MF625988,JN675412,KF370991,NA,MF625879,MF626146,JX310578,MF626037,MF625928,Formicidae,gilva,1,1,,NA,(Roger, 1863),Roger,1863,Yes,United States,Present,Present,http://www.antwiki.org/wiki/Cryptopone gilva,NA,NA,NA,,NA,369117,1,Hymenoptera
Ponerinae,Ponerini,Hypoponera,Hypoponera_inexorata,DQ353526,DQ353624,DQ352974,DQ353129,NA,DQ353332,NA,NA,NA,NA,NA,NA,Formicidae,inexorata,1,1,,NA,(Wheeler, W.M., 1903),Wheeler, W.M.,1903,Yes,United States,Present,Present,http://www.antwiki.org/wiki/Hypoponera inexorata,NA,NA,NA,,NA,369145,1,Hymenoptera
Ponerinae,Ponerini,Hypoponera,Hypoponera_opaciceps,NA,NA,NA,NA,NA,KX053500,NA,NA,NA,NA,NA,NA,Formicidae,opaciceps,1,1,,NA,(Mayr, 1887),Mayr,1887,Yes,Brazil,Present,Present,http://www.antwiki.org/wiki/Hypoponera opaciceps,NA,NA,NA,,NA,610514,1,Hymenoptera
Ponerinae,Ponerini,Hypoponera,Hypoponera_opacior,AY703488,AY703555,AY703689,EU155464,AY703756,EU155427,EF013266,EF013428,KU671659,JX310587,KU671722,KU671785,Formicidae,opacior,1,1,,NA,(Forel, 1893),Forel,1893,Yes,West Indies,Present,Present,http://www.antwiki.org/wiki/Hypoponera opacior,NA,NA,NA,,NA,280466,1,Hymenoptera
Ponerinae,Ponerini,Hypoponera,Hypoponera_punctatissima,NA,EU490436,NA,NA,NA,GU709895,NA,NA,NA,NA,NA,NA,Formicidae,punctatissima,1,0,,NA,(Roger, 1859),Roger,1859,Yes,Germany,Present,Present,http://www.antwiki.org/wiki/Hypoponera punctatissima,NA,NA,NA,,NA,610530,1,Hymenoptera
Ponerinae,Ponerini,Leptogenys,Leptogenys_diminuta,EF012872,EF013000,EF013128,EF013708,EF013580,NA,EF013273,EF013435,MF626168,NA,MF626059,MF625950,Formicidae,diminuta,0,0,,NA,(Smith, F., 1857),Smith, F.,1857,Yes,Myanmar,Present,,http://www.antwiki.org/wiki/Leptogenys diminuta,NA,NA,NA,not important,Alternate for Leptogenys manni,411755,1,Hymenoptera
Ponerinae,Ponerini,Odontomachus,Odontomachus_brunneus,NA,EU155412,NA,EU155467,EU155448,KU504880,NA,NA,NA,NA,NA,NA,Formicidae,brunneus,1,1,,NA,(Patton, 1894),Patton,1894,Yes,United States,Present,,http://www.antwiki.org/wiki/Odontomachus brunneus,NA,NA,NA,,dropped CAD because not aligning well KU504788,486640,1,Hymenoptera
Ponerinae,Ponerini,Odontomachus,Odontomachus_haematodus,NA,EU155416,NA,EU155472,EU155453,KU504888,NA,NA,NA,NA,NA,NA,Formicidae,haematodus,1,0,,NA,(Linnaeus, 1758),Linnaeus,1758,Yes,America meridionali,Present,,http://www.antwiki.org/wiki/Odontomachus haematodus,NA,NA,NA,,dropped CAD because not aligning well KU504796,219798,1,Hymenoptera
Ponerinae,Ponerini,Odontomachus,Odontomachus_relictus,NA,EU155419,NA,EU155475,EU155456,KU504903,NA,NA,NA,NA,NA,NA,Formicidae,relictus,1,0,,NA,Deyrup & Cover, 2004,Deyrup & Cover,2004,,United States,Present,Present,http://www.antwiki.org/wiki/Odontomachus relictus,NA,NA,NA,,dropped CAD because not aligning well KU504810,486646,1,Hymenoptera
Ponerinae,Ponerini,Odontomachus,Odontomachus_ruginodis,NA,EU155421,NA,EU155477,EU155458,KU504906,KU146253,NA,NA,NA,NA,NA,Formicidae,ruginodis,1,0,,NA,Smith, M.R., 1937,Smith, M.R.,1937,,Bahamas,Present,,http://www.antwiki.org/wiki/Odontomachus ruginodis,NA,NA,NA,,dropped CAD because not aligning well KU504812,486647,1,Hymenoptera
Ponerinae,Ponerini,Ponera,Ponera_exotica,NA,NA,NA,NA,NA,GU709779,NA,NA,NA,NA,NA,NA,Formicidae,exotica,1,1,,NA,Smith, M.R., 1962,Smith, M.R.,1962,,United States,Present,Present,http://www.antwiki.org/wiki/Ponera exotica,NA,NA,NA,,NA,616633,1,Hymenoptera
Ponerinae,Ponerini,Ponera,Ponera_pennsylvanica,NA,JQ023553,NA,JN419185,JN675464,KR890935,NA,NA,NA,NA,NA,NA,Formicidae,pennsylvanica,1,1,,NA,Buckley, 1866,Buckley,1866,,United States,Present,Present,http://www.antwiki.org/wiki/Ponera pennsylvanica,NA,NA,NA,,NA,616646,1,Hymenoptera
Ponerinae,Ponerini,Pseudoponera,Pseudoponera_stigma,NA,MF626134,MF625703,MF626025,MF626243,KT783653,NA,MF625916,MF626197,NA,MF626088,MF625979,Formicidae,stigma,1,0,,NA,(Fabricius, 1804),Fabricius,1804,Yes,South America,Present,Present,http://www.antwiki.org/wiki/Pseudoponera stigma,NA,NA,NA,,NA,1720231,1,Hymenoptera
Pristocera,Pristocera,Pristocera,Pristocera_MAD01,EF012921,EF013049,EF013177,EF013757,EF013629,NA,EF013332,EF013494,NA,NA,NA,NA,Bethylidae,NA,NA,NA,NA,NA,NA,NA,NA,NA,NA,NA,NA,NA,NA,NA,NA,NA,NA,NA,NA,Hymenoptera
Proceratiinae,Proceratiini,Discothyrea,Discothyrea_testacea,NA,KU671446,KU672070,KU671599,KU671548,NA,NA,KU671497,KU671658,NA,KU671721,KU671784,Formicidae,testacea,1,1,,NA,Roger, 1863,Roger,1863,,United States,Present,Present,http://www.antwiki.org/wiki/Discothyrea testacea,NA,NA,NA,,NA,609323,1,Hymenoptera
Proceratiinae,Proceratiini,Proceratium,Proceratium_avium,NA,MF626126,MF625695,MF626017,MF626235,EF610176,NA,MF625908,MF626188,NA,MF626079,MF625970,Formicidae,avium,0,0,,NA,Brown, 1974,Brown,1974,,Mauritius,Present,Present,http://www.antwiki.org/wiki/Proceratium avium,NA,NA,NA,common species in litter, would be great to have,Alternate for Proceratium crassicorne,443839,1,Hymenoptera
Proceratiinae,Proceratiini,Proceratium,Proceratium_silaceum,NA,MF626127,MF625696,MF626018,MF626236,NA,NA,MF625909,MF626189,NA,MF626080,MF625971,Formicidae,silaceum,1,1,,NA,Roger, 1863,Roger,1863,,United States,Present,Present,http://www.antwiki.org/wiki/Proceratium silaceum,NA,NA,NA,,NA,621628,1,Hymenoptera
Pseudomyrmecinae,Pseudomyrmex,Pseudomyrmex,Pseudomyrmex_cubaensis,AY703522,AY703589,AY703723,KR828991,KR829364,NA,NA,KR829578,KR829783,KR830198,KR830614,KR830405,Formicidae,cubaensis,1,0,,NA,(Forel, 1901),Forel,1901,Yes,Cuba,Present,Present,http://www.antwiki.org/wiki/Pseudomyrmex cubaensis,NA,NA,NA,,NA,292154,1,Hymenoptera
Pseudomyrmecinae,Pseudomyrmex,Pseudomyrmex,Pseudomyrmex_ejectus,NA,KR828834,KR829207,KR828999,KR829372,NA,NA,KR829586,KR829791,KR830206,KR830622,KR830413,Formicidae,ejectus,1,1,,NA,(Smith, F., 1858),Smith, F.,1858,Yes,probably Brazil,Present,,http://www.antwiki.org/wiki/Pseudomyrmex ejectus,NA,NA,NA,,NA,600708,1,Hymenoptera
Pseudomyrmecinae,Pseudomyrmex,Pseudomyrmex,Pseudomyrmex_elongatus,NA,KR828835,KR829208,KR829001,KR829374,KP271181,NA,KR829588,KR829793,KR830208,KR830624,KR830415,Formicidae,elongatus,1,0,,NA,(Mayr, 1870),Mayr,1870,Yes,Colombia,Present,Present,http://www.antwiki.org/wiki/Pseudomyrmex elongatus,NA,NA,NA,,NA,600709,1,Hymenoptera
Pseudomyrmecinae,Pseudomyrmex,Pseudomyrmex,Pseudomyrmex_gracilis,AY703529,AY703596,AY703730,KR829015,KR829388,FJ436825,EF013340,EF013502,KR829807,KR830222,KR830638,KR830429,Formicidae,gracilis,1,1,,NA,(Fabricius, 1804),Fabricius,1804,Yes,Central America,Present,Present,http://www.antwiki.org/wiki/Pseudomyrmex gracilis,NA,NA,NA,,NA,219809,1,Hymenoptera
Pseudomyrmecinae,Pseudomyrmex,Pseudomyrmex,Pseudomyrmex_pallidus,AY703538,AY703605,AY703739,KR829047,KR829420,NA,NA,KR829633,KR829839,KR830254,KR830670,KR830461,Formicidae,pallidus,1,1,,NA,(Smith, F., 1855),Smith, F.,1855,Yes,United States,Present,Present,http://www.antwiki.org/wiki/Pseudomyrmex pallidus,NA,NA,NA,,NA,56622,1,Hymenoptera
Pseudomyrmecinae,Pseudomyrmex,Pseudomyrmex,Pseudomyrmex_seminole,NA,KR828914,KR829287,KR829095,KR829468,NA,NA,KR829681,KR829887,KR830302,KR830718,KR830509,Formicidae,seminole,1,0,,NA,Ward, 1985,Ward,1985,,United States,Present,Present,http://www.antwiki.org/wiki/Pseudomyrmex seminole,NA,NA,NA,,NA,600754,1,Hymenoptera
Pseudomyrmecinae,Pseudomyrmex,Pseudomyrmex,Pseudomyrmex_simplex,AY703543,AY703610,AY703744,KR829098,KR829471,MF925966,NA,KR829684,KR829890,KR830305,KR830721,KR830512,Formicidae,simplex,1,0,,NA,(Smith, F., 1877),Smith, F.,1877,Yes,Brazil,Present,Present,http://www.antwiki.org/wiki/Pseudomyrmex simplex,NA,NA,NA,,NA,292172,1,Hymenoptera
Sapyga,Sapyga,Sapyga,Sapyga_pumila,EF012931,EF013059,EF013187,EF013767,EF013639,NA,EF013344,EF013506,NA,KC213230,NA,NA,Sapygidae,NA,NA,NA,NA,NA,NA,NA,NA,NA,NA,NA,NA,NA,NA,NA,NA,NA,NA,NA,NA,Hymenoptera
Scolia,Scolia,Scolia,Scolia_verticalis,EF012932,EF013060,EF013188,EF013768,EF013640,GU596820,EF013345,EF013507,NA,NA,NA,NA,Scoliidae,NA,NA,NA,NA,NA,NA,NA,NA,NA,NA,NA,NA,NA,NA,NA,NA,NA,NA,NA,NA,Hymenoptera
Vespula,Vespula,Vespula,Vespula_sp,DQ353547,DQ353565,DQ352992,DQ353143,NA,DQ353368,NA,NA,NA,NA,NA,NA,Vespidae,NA,NA,NA,NA,NA,NA,NA,NA,NA,NA,NA,NA,NA,NA,NA,NA,NA,NA,NA,NA,Hymenoptera
