"Subfamily","Tribe","Genus","Species","Taxon","FL","GA","SpeciesGroup","Binomial","BinomialAuthority","Subspecies","Trinomial","TrinomialAuthority","Author","Year","ChangedComb","TypeLocalityCountry","Images","Text","Source","DBB_Notes","MPN_Notes","NCBI.ID","nuSSU","nuLSU","AbdA","Wg","LR","COI","EF1aF1","EF1aF2","ArgK","CAD","Top1","Ubx","GB"
"Amblyoponinae","","Prionopelta","amabilis","Prionopelta amabilis",0,0,"",NA,"Borgmeier, 1949","Borgmeier",1949,"","Costa Rica","Present","","http://www.antwiki.org/wiki/Prionopelta amabilis",NA,NA,NA,"need representative for genus","Alternate for Prionopelta antillana",621482,NA,"KU671409","KU672033","KU671562","KU671511",NA,NA,"KU671460","KU671618",NA,"KU671681","KU671744",1
"Amblyoponinae","","Prionopelta","antillana","Prionopelta antillana",1,0,"",NA,"Forel, 1909","Forel",1909,"","Antilles","Present","","http://www.antwiki.org/wiki/Prionopelta antillana",NA,NA,NA,"need representative for genus",NA,NA,NA,NA,NA,NA,NA,NA,NA,NA,NA,NA,NA,NA,0
"Amblyoponinae","","Stigmatomma","pallipes","Stigmatomma pallipes",1,1,"",NA,"(Haldeman, 1844)","Haldeman",1844,"Yes","United States","Present","Present","http://www.antwiki.org/wiki/Stigmatomma pallipes",NA,NA,NA,"",NA,231980,"AY703487","AY703554","DQ352966","AY233594","AY703755","DQ353291","EF013219","EF013381","KJ523366","KJ523371","KJ523716","KJ523633",1
"Dolichoderinae","","Dolichoderus","mariae","Dolichoderus mariae",1,1,"",NA,"Forel, 1885","Forel",1885,"","United States","Present","","http://www.antwiki.org/wiki/Dolichoderus mariae",NA,NA,NA,"not important","Dropped only sequence COI because was not grouping with D pustulatus which had a lot of seqs KR928949",609406,NA,NA,NA,NA,NA,NA,NA,NA,NA,NA,NA,NA,0
"Dolichoderinae","","Dolichoderus","plagiatus","Dolichoderus plagiatus",0,1,"",NA,"(Mayr, 1870)","Mayr",1870,"Yes","United States","Present","","http://www.antwiki.org/wiki/Dolichoderus plagiatus",NA,NA,NA,"not important",NA,NA,NA,NA,NA,NA,NA,NA,NA,NA,NA,NA,NA,NA,0
"Dolichoderinae","","Dolichoderus","pustulatus","Dolichoderus pustulatus",1,1,"",NA,"Mayr, 1886","Mayr",1886,"","United States","Present","","http://www.antwiki.org/wiki/Dolichoderus pustulatus",NA,NA,NA,"not important",NA,609426,"FJ939760","FJ939792","FJ939824","KR829181","KR829554",NA,"FJ940060","FJ939963","FJ939859","FJ939913","KJ523685","KJ523602",1
"Dolichoderinae","","Dolichoderus","taschenbergi","Dolichoderus taschenbergi",0,1,"",NA,"(Mayr, 1866)","Mayr",1866,"Yes","United States","Present","","http://www.antwiki.org/wiki/Dolichoderus taschenbergi",NA,NA,NA,"not important","Dropped only sequence COI because was not grouping with D pustulatus which had a lot of seqs KR933105",609460,NA,NA,NA,NA,NA,NA,NA,NA,NA,NA,NA,NA,0
"Dolichoderinae","","Dorymyrmex","bossutus","Dorymyrmex bossutus",1,1,"",NA,"(Trager, 1988)","Trager",1988,"Yes","United States","Present","","http://www.antwiki.org/wiki/Dorymyrmex bossutus",NA,NA,NA,"not important",NA,NA,NA,NA,NA,NA,NA,NA,NA,NA,NA,NA,NA,NA,0
"Dolichoderinae","","Dorymyrmex","bureni","Dorymyrmex bureni",1,1,"",NA,"(Trager, 1988)","Trager",1988,"Yes","United States","Present","","http://www.antwiki.org/wiki/Dorymyrmex bureni",NA,NA,NA,"not important",NA,NA,NA,NA,NA,NA,NA,NA,NA,NA,NA,NA,NA,NA,0
"Dolichoderinae","","Dorymyrmex","elegans","Dorymyrmex elegans",1,1,"",NA,"(Trager, 1988)","Trager",1988,"Yes","United States","Present","","http://www.antwiki.org/wiki/Dorymyrmex elegans",NA,NA,NA,"",NA,369126,"DQ353499","DQ353633","DQ352955","DQ353062","DQ353155","DQ353369",NA,NA,NA,NA,NA,NA,1
"Dolichoderinae","","Dorymyrmex","flavopectus","Dorymyrmex flavopectus",1,0,"",NA,"Smith, M.R., 1944","Smith, M.R.",1944,"","United States","Present","","http://www.antwiki.org/wiki/Dorymyrmex flavopectus",NA,NA,NA,"not important",NA,NA,NA,NA,NA,NA,NA,NA,NA,NA,NA,NA,NA,NA,0
"Dolichoderinae","","Dorymyrmex","flavus","Dorymyrmex flavus",0,1,"",NA,"McCook, 1879","McCook",1879,"","United States","Present","","http://www.antwiki.org/wiki/Dorymyrmex flavus",NA,NA,NA,"not important",NA,NA,NA,NA,NA,NA,NA,NA,NA,NA,NA,NA,NA,NA,0
"Dolichoderinae","","Dorymyrmex","grandulus","Dorymyrmex grandulus",1,1,"",NA,"(Forel, 1922)","Forel",1922,"Yes","United States","Present","","http://www.antwiki.org/wiki/Dorymyrmex grandulus",NA,NA,NA,"",NA,609551,NA,NA,NA,NA,NA,"KM538013",NA,NA,NA,NA,NA,NA,1
"Dolichoderinae","","Dorymyrmex","reginicula","Dorymyrmex reginicula",1,1,"",NA,"(Trager, 1988)","Trager",1988,"Yes","United States","Present","","http://www.antwiki.org/wiki/Dorymyrmex reginicula",NA,NA,NA,"not important",NA,NA,NA,NA,NA,NA,NA,NA,NA,NA,NA,NA,NA,NA,0
"Dolichoderinae","","Dorymyrmex","smithi","Dorymyrmex smithi",1,1,"",NA,"Cole, 1936","Cole",1936,"","United States","Present","","http://www.antwiki.org/wiki/Dorymyrmex smithi",NA,NA,NA,"not important",NA,NA,NA,NA,NA,NA,NA,NA,NA,NA,NA,NA,NA,NA,0
"Dolichoderinae","","Forelius","mccooki","Forelius mccooki",0,1,"",NA,"(McCook, 1879)","McCook",1879,"Yes","United States","Present","","http://www.antwiki.org/wiki/Forelius mccooki",NA,NA,NA,"not important",NA,NA,NA,NA,NA,NA,NA,NA,NA,NA,NA,NA,NA,NA,0
"Dolichoderinae","","Forelius","pruinosus","Forelius pruinosus",1,1,"",NA,"(Roger, 1863)","Roger",1863,"Yes","Cuba","Present","Present","http://www.antwiki.org/wiki/Forelius pruinosus",NA,NA,NA,"",NA,411751,"EF012866","EF012994","EF013122","EF013702","EF013574","HQ207390","EF013262","EF013424","FJ939864","FJ939918",NA,NA,1
"Dolichoderinae","","Linepithema","humile","Linepithema humile",1,1,"",NA,"(Mayr, 1868)","Mayr",1868,"Yes","Argentina","Present","Present","http://www.antwiki.org/wiki/Linepithema humile",NA,NA,NA,"",NA,83485,"EF012875","EF013003","AY525327","FJ161882","FJ161830","FJ161727","EF013277","EF013439","FJ939872","FJ939926",NA,NA,1
"Dolichoderinae","","Ochetellus","glaber","Ochetellus glaber",1,0,"",NA,"(Mayr, 1862)","Mayr",1862,"Yes","Australia","Present","","http://www.antwiki.org/wiki/Ochetellus glaber",NA,NA,NA,"",NA,255795,"DQ353491","DQ353588","DQ352948","DQ353058","DQ353154","DQ353333",NA,NA,NA,NA,NA,NA,1
"Dolichoderinae","","Tapinoma","litorale","Tapinoma litorale",1,0,"",NA,"Wheeler, W.M., 1905","Wheeler, W.M.",1905,"","Bahamas","Present","Present","http://www.antwiki.org/wiki/Tapinoma litorale",NA,NA,NA,"not important",NA,NA,NA,NA,NA,NA,NA,NA,NA,NA,NA,NA,NA,NA,0
"Dolichoderinae","","Tapinoma","melanocephalum","Tapinoma melanocephalum",1,1,"",NA,"(Fabricius, 1793)","Fabricius",1793,"Yes","French Guiana","Present","Present","http://www.antwiki.org/wiki/Tapinoma melanocephalum",NA,NA,NA,"",NA,219810,"FJ939774","FJ939806","FJ939838","KM579349","KM597399","KX054892","FJ940074","FJ939977","FJ939887","FJ939941","KM579070",NA,1
"Dolichoderinae","","Tapinoma","sessile","Tapinoma sessile",1,1,"",NA,"(Say, 1836)","Say",1836,"Yes","United States","Present","Present","http://www.antwiki.org/wiki/Tapinoma sessile",NA,NA,NA,"",NA,29039,"EF012938","EF013066","EF013194","FJ161912","EF013646","FJ161757","EF013353","EF013515","FJ939888","FJ939942",NA,NA,1
"Dolichoderinae","","Technomyrmex","difficilis","Technomyrmex difficilis",1,1,"",NA,"Forel, 1892","Forel",1892,"","Madagascar","Present","Present","http://www.antwiki.org/wiki/Technomyrmex difficilis",NA,NA,NA,"",NA,411794,"EF012940","EF013068","EF013196","KM579353","KM597403","DQ176116","EF013355","EF013517","FJ939890","FJ939944","KM579074",NA,1
"Dorylinae","","Neivamyrmex","carolinensis","Neivamyrmex carolinensis",1,1,"",NA,"(Emery, 1894)","Emery",1894,"Yes","United States","Present","Present","http://www.antwiki.org/wiki/Neivamyrmex carolinensis",NA,NA,NA,"not important",NA,NA,NA,NA,NA,NA,NA,NA,NA,NA,NA,NA,NA,NA,0
"Dorylinae","","Neivamyrmex","nigrescens","Neivamyrmex nigrescens",0,1,"",NA,"(Cresson, 1872)","Cresson",1872,"Yes","United States","Present","Present","http://www.antwiki.org/wiki/Neivamyrmex nigrescens",NA,NA,NA,"",NA,232157,"AY867445","AY867461","DQ352949","AY233612","AY867492","KX983330","EF013302","EF013464","KJ523353","KJ523430","KJ523701","KJ523618",1
"Dorylinae","","Neivamyrmex","opacithorax","Neivamyrmex opacithorax",1,1,"",NA,"(Emery, 1894)","Emery",1894,"Yes","United States","Present","Present","http://www.antwiki.org/wiki/Neivamyrmex opacithorax",NA,NA,NA,"",NA,373771,NA,"DQ401003",NA,NA,NA,"KX983280",NA,NA,NA,NA,NA,NA,1
"Dorylinae","","Neivamyrmex","texanus","Neivamyrmex texanus",1,1,"",NA,"Watkins, 1972","Watkins",1972,"","United States","Present","Present","http://www.antwiki.org/wiki/Neivamyrmex texanus",NA,NA,NA,"not important",NA,NA,NA,NA,NA,NA,NA,"JF863403",NA,NA,NA,NA,NA,NA,1
"Ectatomminae","Ectatommini","Gnamptogenys","triangularis","Gnamptogenys triangularis",1,1,"",NA,"(Mayr, 1887)","Mayr",1887,"Yes","Uruguay","Present","","http://www.antwiki.org/wiki/Gnamptogenys triangularis",NA,NA,NA,"","Added Gnamptogenys continua LR and Wg",610056,NA,NA,NA,"LT623166","LT632329","MF926026",NA,NA,NA,NA,NA,NA,1
"Formicinae","Camponotini","Camponotus","americanus","Camponotus americanus",0,1,"",NA,"Mayr, 1862","Mayr",1862,"","United States","Present","","http://www.antwiki.org/wiki/Camponotus americanus",NA,NA,NA,"",NA,251250,NA,NA,NA,NA,NA,"KM538002",NA,"AY334412",NA,NA,NA,NA,1
"Formicinae","Camponotini","Camponotus","caryae","Camponotus caryae",1,1,"",NA,"(Fitch, 1855)","Fitch",1855,"Yes","United States","Present","","http://www.antwiki.org/wiki/Camponotus caryae",NA,NA,NA,"not important",NA,NA,NA,NA,NA,NA,NA,NA,NA,NA,NA,NA,NA,NA,0
"Formicinae","Camponotini","Camponotus","castaneus","Camponotus castaneus",1,1,"",NA,"(Latreille, 1802)","Latreille",1802,"Yes","United States","Present","Present","http://www.antwiki.org/wiki/Camponotus castaneus",NA,NA,NA,"",NA,105051,NA,NA,NA,"KP730223","KP860349","KJ208900",NA,"AY334410",NA,NA,NA,NA,1
"Formicinae","Camponotini","Camponotus","chromaiodes","Camponotus chromaiodes",0,1,"",NA,"Bolton, 1995","Bolton",1995,"","United States","Present","","http://www.antwiki.org/wiki/Camponotus chromaiodes",NA,NA,NA,"",NA,251251,NA,"DQ226037",NA,NA,NA,"MH558356",NA,"AY334409",NA,NA,NA,NA,1
"Formicinae","Camponotini","Camponotus","decipiens","Camponotus decipiens",1,1,"",NA,"Emery, 1893","Emery",1893,"","United States","Present","","http://www.antwiki.org/wiki/Camponotus decipiens",NA,NA,NA,"not important",NA,NA,NA,NA,NA,NA,NA,NA,NA,NA,NA,NA,NA,NA,0
"Formicinae","Camponotini","Camponotus","discolor","Camponotus discolor",1,1,"",NA,"(Buckley, 1866)","Buckley",1866,"Yes","United States","Present","","http://www.antwiki.org/wiki/Camponotus discolor",NA,NA,NA,"not important",NA,NA,NA,NA,NA,NA,NA,NA,NA,NA,NA,NA,NA,NA,0
"Formicinae","Camponotini","Camponotus","floridanus","Camponotus floridanus",1,1,"",NA,"(Buckley, 1866)","Buckley",1866,"Yes","United States","Present","Present","http://www.antwiki.org/wiki/Camponotus floridanus",NA,NA,NA,"",NA,104421,NA,NA,NA,NA,NA,"AF186362",NA,"AY334414",NA,NA,NA,NA,1
"Formicinae","Camponotini","Camponotus","nearcticus","Camponotus nearcticus",1,1,"",NA,"Emery, 1893","Emery",1893,"","United States","Present","","http://www.antwiki.org/wiki/Camponotus nearcticus",NA,NA,NA,"",NA,251252,NA,NA,NA,NA,"KP860350","KR883451",NA,"AY334413",NA,NA,NA,NA,1
"Formicinae","Camponotini","Camponotus","novaeboracensis","Camponotus novaeboracensis",0,1,"",NA,"(Fitch, 1855)","Fitch",1855,"Yes","United States","Present","Present","http://www.antwiki.org/wiki/Camponotus novaeboracensis",NA,NA,NA,"",NA,1888408,NA,NA,NA,"LT977332",NA,"LT977366",NA,NA,NA,NA,"LT977216",NA,1
"Formicinae","Camponotini","Camponotus","pennsylvanicus","Camponotus pennsylvanicus",1,1,"",NA,"(De Geer, 1773)","De Geer",1773,"Yes","United States","Present","Present","http://www.antwiki.org/wiki/Camponotus pennsylvanicus",NA,NA,NA,"",NA,104422,NA,NA,NA,"KJ920644","KJ920610","KR881664",NA,"AY334408",NA,NA,"LT977248",NA,1
"Formicinae","Camponotini","Camponotus","planatus","Camponotus planatus",1,0,"",NA,"Roger, 1863","Roger",1863,"","Cuba","Present","Present","http://www.antwiki.org/wiki/Camponotus planatus",NA,NA,NA,"",NA,168613,NA,NA,NA,NA,NA,"KC419973",NA,NA,NA,NA,NA,NA,1
"Formicinae","Camponotini","Camponotus","sexguttatus","Camponotus sexguttatus",1,0,"",NA,"(Fabricius, 1793)","Fabricius",1793,"Yes","Antilles","Present","Present","http://www.antwiki.org/wiki/Camponotus sexguttatus",NA,NA,NA,"",NA,606041,NA,NA,NA,NA,NA,"KT863162",NA,NA,NA,NA,NA,NA,1
"Formicinae","Camponotini","Camponotus","snellingi","Camponotus snellingi",1,1,"",NA,"Bolton, 1995","Bolton",1995,"","United States","Present","","http://www.antwiki.org/wiki/Camponotus snellingi",NA,NA,NA,"not important",NA,NA,NA,NA,NA,NA,NA,NA,NA,NA,NA,NA,NA,NA,0
"Formicinae","Camponotini","Camponotus","socius","Camponotus socius",1,1,"",NA,"Roger, 1863","Roger",1863,"","Brazil","Present","","http://www.antwiki.org/wiki/Camponotus socius",NA,NA,NA,"",NA,105054,NA,NA,NA,NA,NA,"AF187958",NA,NA,NA,NA,NA,NA,1
"Formicinae","Camponotini","Camponotus","subbarbatus","Camponotus subbarbatus",0,1,"",NA,"Emery, 1893","Emery",1893,"","United States","Present","","http://www.antwiki.org/wiki/Camponotus subbarbatus",NA,NA,NA,"not important",NA,NA,NA,NA,NA,NA,NA,NA,NA,NA,NA,NA,NA,NA,0
"Formicinae","Camponotini","Camponotus","tortuganus","Camponotus tortuganus",1,0,"",NA,"Emery, 1895","Emery",1895,"","United States","Present","","http://www.antwiki.org/wiki/Camponotus tortuganus",NA,NA,NA,"",NA,606163,NA,NA,NA,"KF978313","KF978411","KF992251",NA,NA,NA,NA,NA,NA,1
"Formicinae","Camponotini","Colobopsis","impressa","Colobopsis impressa",1,1,"",NA,"Roger, 1863","Roger",1863,"","United States","Present","","http://www.antwiki.org/wiki/Colobopsis impressa",NA,NA,NA,"need representative for genus",NA,NA,NA,NA,NA,NA,NA,NA,NA,NA,NA,NA,NA,NA,0
"Formicinae","Camponotini","Colobopsis","obliqua","Colobopsis obliqua",1,0,"",NA,"(Smith, M.R., 1930)","Smith, M.R.",1930,"Yes","United States","Present","","http://www.antwiki.org/wiki/Colobopsis obliqua",NA,NA,NA,"",NA,NA,NA,NA,NA,NA,NA,NA,NA,NA,NA,NA,NA,NA,0
"Formicinae","Camponotini","Colobopsis","riehlii","Colobopsis riehlii",1,0,"",NA,"Roger, 1863","Roger",1863,"","Cuba","Present","","http://www.antwiki.org/wiki/Colobopsis riehlii",NA,NA,NA,"",NA,NA,NA,NA,NA,NA,NA,NA,NA,NA,NA,NA,NA,NA,0
"Formicinae","Camponotini","Colobopsis","saundersi","Colobopsis saundersi",0,0,"",NA,"(Emery, 1889)","Emery",1889,"Yes","Myanmar","Present","","http://www.antwiki.org/wiki/Colobopsis saundersi",NA,NA,NA,"need representative for genus","Alternate for Colobopsis impressa",450370,"KT443326","KT443384","KT443442","KT443270","KT443500","EF634194","KT443158","KT443214","KT443566",NA,"KT443646","KT443726",1
"Formicinae","Formicini","Formica","archboldi","Formica archboldi",1,1,"",NA,"Smith, M.R., 1944","Smith, M.R.",1944,"","United States","Present","Present","http://www.antwiki.org/wiki/Formica archboldi",NA,NA,NA,"not important",NA,NA,NA,NA,NA,NA,NA,NA,NA,NA,NA,NA,NA,NA,0
"Formicinae","Formicini","Formica","biophilica","Formica biophilica",1,1,"",NA,"Trager, 2007","Trager",2007,"","United States","Present","Present","http://www.antwiki.org/wiki/Formica biophilica",NA,NA,NA,"not important",NA,NA,NA,NA,NA,NA,NA,NA,NA,NA,NA,NA,NA,NA,0
"Formicinae","Formicini","Formica","difficilis","Formica difficilis",0,1,"microgyna",NA,"Emery, 1893","Emery",1893,"","United States","Present","Present","http://www.antwiki.org/wiki/Formica difficilis",NA,NA,NA,"not important",NA,NA,NA,NA,NA,NA,NA,NA,NA,NA,NA,NA,NA,NA,0
"Formicinae","Formicini","Formica","dolosa","Formica dolosa",1,1,"",NA,"Buren, 1944","Buren",1944,"","United States","Present","Present","http://www.antwiki.org/wiki/Formica dolosa",NA,NA,NA,"not important",NA,NA,NA,NA,NA,NA,NA,NA,NA,NA,NA,NA,NA,NA,0
"Formicinae","Formicini","Formica","exsectoides","Formica exsectoides",0,1,"",NA,"Forel, 1886","Forel",1886,"","United States","Present","","http://www.antwiki.org/wiki/Formica exsectoides",NA,NA,NA,"",NA,609781,NA,NA,NA,NA,NA,"KT310176",NA,NA,NA,NA,NA,NA,1
"Formicinae","Formicini","Formica","fusca","Formica fusca",0,1,"",NA,"Linnaeus, 1758","Linnaeus",1758,"","Europe","Present","","http://www.antwiki.org/wiki/Formica fusca",NA,NA,NA,"",NA,72779,"FJ824197","FJ824287","FJ824331","LT977331","FJ824464","FJ824419",NA,"AY334415","FJ824368",NA,"LT977209",NA,1
"Formicinae","Formicini","Formica","incerta","Formica incerta",0,1,"",NA,"Buren, 1944","Buren",1944,"","United States","Present","Present","http://www.antwiki.org/wiki/Formica incerta",NA,NA,NA,"",NA,609806,NA,NA,NA,NA,NA,"LT977401",NA,NA,NA,NA,NA,NA,1
"Formicinae","Formicini","Formica","integra","Formica integra",0,1,"rufa",NA,"Nylander, 1856","Nylander",1856,"","United States","Present","","http://www.antwiki.org/wiki/Formica integra",NA,NA,NA,"not important",NA,NA,NA,NA,NA,NA,NA,NA,NA,NA,NA,NA,NA,NA,0
"Formicinae","Formicini","Formica","obscuriventris","Formica obscuriventris",0,1,"rufa",NA,"Mayr, 1870","Mayr",1870,"","United States","Present","","http://www.antwiki.org/wiki/Formica obscuriventris",NA,NA,NA,"not important",NA,NA,NA,NA,NA,NA,NA,NA,NA,NA,NA,NA,NA,NA,0
"Formicinae","Formicini","Formica","pallidefulva","Formica pallidefulva",1,1,"",NA,"Latreille, 1802","Latreille",1802,"","United States","Present","Present","http://www.antwiki.org/wiki/Formica pallidefulva",NA,NA,NA,"not important",NA,NA,NA,NA,NA,NA,NA,NA,NA,NA,NA,NA,NA,NA,0
"Formicinae","Formicini","Formica","subintegra","Formica subintegra",0,1,"",NA,"Wheeler, W.M., 1908","Wheeler, W.M.",1908,"","United States","Present","","http://www.antwiki.org/wiki/Formica subintegra",NA,NA,NA,"",NA,609893,NA,NA,NA,"KP730224",NA,"KP730063",NA,"KP730145",NA,NA,NA,NA,1
"Formicinae","Formicini","Formica","subsericea","Formica subsericea",1,1,"",NA,"Say, 1836","Say",1836,"","United States","Present","","http://www.antwiki.org/wiki/Formica subsericea",NA,NA,NA,"",NA,354281,NA,"DQ226040",NA,"KP730225","KP860351","KP730064",NA,"KP730146",NA,NA,NA,NA,1
"Formicinae","Formicini","Polyergus","longicornis","Polyergus longicornis",1,1,"lucidus",NA,"Smith, M.R., 1947","Smith, M.R.",1947,"","United States","Present","Present","http://www.antwiki.org/wiki/Polyergus longicornis",NA,NA,NA,"not important",NA,NA,NA,NA,NA,NA,NA,NA,NA,NA,NA,NA,NA,NA,0
"Formicinae","Formicini","Polyergus","lucidus","Polyergus lucidus",0,1,"lucidus",NA,"Mayr, 1870","Mayr",1870,"","United States","Present","Present","http://www.antwiki.org/wiki/Polyergus lucidus",NA,NA,NA,"",NA,615968,NA,NA,NA,NA,NA,"MH645543",NA,NA,NA,NA,NA,NA,1
"Formicinae","Formicini","Polyergus","oligergus","Polyergus oligergus",1,0,"lucidus",NA,"Trager, 2013","Trager",2013,"","United States","Present","Present","http://www.antwiki.org/wiki/Polyergus oligergus",NA,NA,NA,"not important",NA,NA,NA,NA,NA,NA,NA,NA,NA,NA,NA,NA,NA,NA,0
"Formicinae","Formicini","Polyergus","ruber","Polyergus ruber",0,1,"lucidus",NA,"Trager, 2013","Trager",2013,"","United States","Present","Present","http://www.antwiki.org/wiki/Polyergus ruber",NA,NA,NA,"not important",NA,NA,NA,NA,NA,NA,NA,NA,NA,NA,NA,NA,NA,NA,0
"Formicinae","Lasiini","Lasius","alienus","Lasius alienus",1,1,"",NA,"(Foerster, 1850)","Foerster",1850,"Yes","Germany","Present","Present","http://www.antwiki.org/wiki/Lasius alienus",NA,NA,NA,"",NA,219781,"DQ353484","DQ353683","DQ352952","LT977308","KC820381","FJ824425",NA,NA,"FJ824369",NA,"LT977250",NA,1
"Formicinae","Lasiini","Lasius","claviger","Lasius claviger",0,1,"",NA,"(Roger, 1862)","Roger",1862,"Yes","United States","Present","","http://www.antwiki.org/wiki/Lasius claviger",NA,NA,NA,"",NA,611227,NA,NA,NA,NA,NA,"KR888623",NA,NA,NA,NA,NA,NA,1
"Formicinae","Lasiini","Lasius","flavus","Lasius flavus",0,1,"",NA,"(Fabricius, 1782)","Fabricius",1782,"Yes","Europe","Present","Present","http://www.antwiki.org/wiki/Lasius flavus",NA,NA,NA,"",NA,67763,NA,NA,NA,"LT977316",NA,"AB370985",NA,NA,NA,NA,"LT977243",NA,1
"Formicinae","Lasiini","Lasius","interjectus","Lasius interjectus",1,1,"",NA,"Mayr, 1866","Mayr",1866,"","United States","Present","Present","http://www.antwiki.org/wiki/Lasius interjectus",NA,NA,NA,"",NA,488573,NA,NA,NA,NA,NA,"AB370986",NA,NA,NA,NA,NA,NA,1
"Formicinae","Lasiini","Lasius","murphyi","Lasius murphyi",0,1,"",NA,"Forel, 1901","Forel",1901,"","United States","Present","Present","http://www.antwiki.org/wiki/Lasius murphyi",NA,NA,NA,"not important",NA,NA,NA,NA,NA,NA,NA,NA,NA,NA,NA,NA,NA,NA,0
"Formicinae","Lasiini","Lasius","nearcticus","Lasius nearcticus",0,1,"",NA,"Wheeler, W.M., 1906","Wheeler, W.M.",1906,"","United States","Present","Present","http://www.antwiki.org/wiki/Lasius nearcticus",NA,NA,NA,"",NA,488575,NA,NA,NA,"LT977321",NA,"AB370987",NA,NA,NA,NA,"LT977232",NA,1
"Formicinae","Lasiini","Lasius","neoniger","Lasius neoniger",1,1,"",NA,"Emery, 1893","Emery",1893,"","United States","Present","Present","http://www.antwiki.org/wiki/Lasius neoniger",NA,NA,NA,"",NA,611257,NA,NA,NA,"LT977327",NA,"KR883948",NA,NA,NA,NA,"LT977231",NA,1
"Formicinae","Lasiini","Lasius","subglaber","Lasius subglaber",0,1,"",NA,"Emery, 1893","Emery",1893,"","United States","Present","","http://www.antwiki.org/wiki/Lasius subglaber",NA,NA,NA,"not important",NA,NA,NA,NA,NA,NA,NA,NA,NA,NA,NA,NA,NA,NA,0
"Formicinae","Lasiini","Lasius","umbratus","Lasius umbratus",1,1,"",NA,"(Nylander, 1846)","Nylander",1846,"Yes","Finland","Present","Present","http://www.antwiki.org/wiki/Lasius umbratus",NA,NA,NA,"",NA,262031,NA,NA,NA,"LT977318",NA,"EF191428",NA,NA,NA,NA,"LT977247",NA,1
"Formicinae","Lasiini","Nylanderia","arenivaga","Nylanderia arenivaga",1,1,"",NA,"(Wheeler, W.M., 1905)","Wheeler, W.M.",1905,"Yes","United States","Present","Present","http://www.antwiki.org/wiki/Nylanderia arenivaga",NA,NA,NA,"",NA,262033,NA,NA,NA,"JX425976",NA,NA,"JX426003","JX425950","JX425895","JX425921",NA,NA,1
"Formicinae","Lasiini","Nylanderia","bourbonica","Nylanderia bourbonica",1,1,"",NA,"(Forel, 1886)","Forel",1886,"Yes","R‚àö¬©union","Present","Present","http://www.antwiki.org/wiki/Nylanderia bourbonica",NA,NA,NA,"",NA,262034,NA,"EU490452",NA,"KP232898","KP232678","KP232102","JX426023","KP232642","JX425912","KP231876",NA,NA,1
"Formicinae","Lasiini","Nylanderia","concinna","Nylanderia concinna",1,1,"",NA,"(Trager, 1984)","Trager",1984,"Yes","United States","Present","Present","http://www.antwiki.org/wiki/Nylanderia concinna",NA,NA,NA,"",NA,613892,NA,NA,NA,"FJ982531",NA,"FJ982447","FJ982493","FJ982573",NA,"FJ982616",NA,NA,1
"Formicinae","Lasiini","Nylanderia","faisonensis","Nylanderia faisonensis",1,1,"",NA,"(Forel, 1922)","Forel",1922,"Yes","United States","Present","Present","http://www.antwiki.org/wiki/Nylanderia faisonensis",NA,NA,NA,"",NA,613901,NA,NA,NA,"FJ982534",NA,"FJ982450","FJ982496","FJ982576",NA,"FJ982619",NA,NA,1
"Formicinae","Lasiini","Nylanderia","fulva","Nylanderia fulva",1,1,"",NA,"(Mayr, 1862)","Mayr",1862,"Yes","Brazil","Present","Present","http://www.antwiki.org/wiki/Nylanderia fulva",NA,NA,NA,"",NA,613905,NA,NA,NA,"JX425999",NA,"MF925786","JX426027","JX425971","JX425916","JX425945",NA,NA,1
"Formicinae","Lasiini","Nylanderia","parvula","Nylanderia parvula",1,1,"",NA,"(Mayr, 1870)","Mayr",1870,"Yes","United States","Present","Present","http://www.antwiki.org/wiki/Nylanderia parvula",NA,NA,NA,"",NA,613968,NA,NA,NA,"FJ982541",NA,"FJ982458","FJ982503","FJ982583",NA,"FJ982627",NA,NA,1
"Formicinae","Lasiini","Nylanderia","phantasma","Nylanderia phantasma",1,1,"",NA,"(Trager, 1984)","Trager",1984,"Yes","United States","Present","Present","http://www.antwiki.org/wiki/Nylanderia phantasma",NA,NA,NA,"",NA,613970,NA,NA,NA,"FJ982544",NA,"FJ982461","FJ982506","FJ982586","JN562408","FJ982630",NA,NA,1
"Formicinae","Lasiini","Nylanderia","pubens","Nylanderia pubens",1,0,"",NA,"(Forel, 1893)","Forel",1893,"Yes","Antilles","Present","Present","http://www.antwiki.org/wiki/Nylanderia pubens",NA,NA,NA,"",NA,613973,NA,NA,NA,"JX425988",NA,NA,"JX426029","JX425973","JX425918","JX425947",NA,NA,1
"Formicinae","Lasiini","Nylanderia","steinheili","Nylanderia steinheili",1,0,"",NA,"(Forel, 1893)","Forel",1893,"Yes","Antilles","Present","","http://www.antwiki.org/wiki/Nylanderia steinheili",NA,NA,NA,"",NA,613986,NA,NA,NA,"JX425994",NA,NA,"JX426022","JX425966","JX425911","JX425940",NA,NA,1
"Formicinae","Lasiini","Nylanderia","vividula","Nylanderia vividula",1,1,"",NA,"(Nylander, 1846)","Nylander",1846,"Yes","Sweden","Present","","http://www.antwiki.org/wiki/Nylanderia vividula",NA,NA,NA,"",NA,443831,NA,"EU417926",NA,"FJ982550",NA,"FJ982467","FJ982512","FJ982592","JN562411","FJ982635",NA,NA,1
"Formicinae","Lasiini","Nylanderia","wojciki","Nylanderia wojciki",1,1,"",NA,"(Trager, 1984)","Trager",1984,"Yes","United States","Present","Present","http://www.antwiki.org/wiki/Nylanderia wojciki",NA,NA,NA,"",NA,614011,NA,NA,NA,"FJ982551",NA,"FJ982468","FJ982513","FJ982593",NA,"FJ982637",NA,NA,1
"Formicinae","Lasiini","Paratrechina","longicornis","Paratrechina longicornis",1,1,"",NA,"(Latreille, 1802)","Latreille",1802,"Yes","Senegal","Present","Present","http://www.antwiki.org/wiki/Paratrechina longicornis",NA,NA,NA,"",NA,262035,"KT443352","KT443410","KT443468","KP232871","KP232664","FJ982475","FJ982517","KP232614","KT443600","KP231943","KT443680","KT443760",1
"Formicinae","Lasiini","Prenolepis","imparis","Prenolepis imparis",1,1,"",NA,"(Say, 1836)","Say",1836,"Yes","Mexico","Present","Present","http://www.antwiki.org/wiki/Prenolepis imparis",NA,NA,NA,"",NA,262038,"EF012919","EF013047","EF013175","FJ982559","EF013627","FJ982479","FJ982518","FJ982601","KT443610","FJ982648","KT443690","KT443770",1
"Formicinae","Myrmelachistini","Brachymyrmex","depilis","Brachymyrmex depilis",1,1,"",NA,"Emery, 1893","Emery",1893,"","United States","Present","","http://www.antwiki.org/wiki/Brachymyrmex depilis",NA,NA,NA,"",NA,354278,"EF012844","EF012972","EF013100","EF013680","EF013552","KR898675","EF013233","EF013395","KT443552",NA,"KT443632","KT443712",1
"Formicinae","Myrmelachistini","Brachymyrmex","heeri","Brachymyrmex heeri",1,0,"",NA,"Forel, 1874","Forel",1874,"","Switzerland","Present","Present","http://www.antwiki.org/wiki/Brachymyrmex heeri",NA,NA,NA,"",NA,604545,NA,NA,NA,NA,NA,"KC418295",NA,NA,NA,NA,NA,NA,1
"Formicinae","Myrmelachistini","Brachymyrmex","minutus","Brachymyrmex minutus",1,0,"",NA,"Forel, 1893","Forel",1893,"","Antilles","Present","","http://www.antwiki.org/wiki/Brachymyrmex minutus",NA,NA,NA,"not important",NA,NA,NA,NA,NA,"MK634469",NA,"MK634391","MK634412","MK634432",NA,NA,NA,NA,1
"Formicinae","Myrmelachistini","Brachymyrmex","obscurior","Brachymyrmex obscurior",1,0,"",NA,"Forel, 1893","Forel",1893,"","Antilles","Present","Present","http://www.antwiki.org/wiki/Brachymyrmex obscurior",NA,NA,NA,"not important",NA,NA,NA,NA,NA,NA,NA,"HQ925273",NA,NA,NA,NA,NA,NA,1
"Formicinae","Myrmelachistini","Brachymyrmex","patagonicus","Brachymyrmex patagonicus",1,1,"",NA,"Mayr, 1868","Mayr",1868,"","Argentina","Present","Present","http://www.antwiki.org/wiki/Brachymyrmex patagonicus",NA,NA,NA,"",NA,NA,NA,NA,NA,"MK634463",NA,"MK634381",NA,"MK634434",NA,NA,NA,NA,1
"Myrmicinae","Attini","Cephalotes","varians","Cephalotes varians",1,0,"",NA,"(Smith, F., 1876)","Smith, F.",1876,"Yes","Cuba","Present","Present","http://www.antwiki.org/wiki/Cephalotes varians",NA,NA,NA,"",NA,577618,NA,NA,NA,"KC335616","KC335934","KC335769",NA,"KC208553",NA,NA,NA,NA,1
"Myrmicinae","Attini","Cyphomyrmex","minutus","Cyphomyrmex minutus",1,0,"",NA,"Mayr, 1862","Mayr",1862,"","Cuba","Present","Present","http://www.antwiki.org/wiki/Cyphomyrmex minutus",NA,NA,NA,"","Dropped EF1aF1 - was not aligning well EU204342",34701,NA,NA,NA,"EU204189",NA,"JQ617495",NA,"EU204583",NA,NA,"KY828537",NA,1
"Myrmicinae","Attini","Cyphomyrmex","rimosus","Cyphomyrmex rimosus",1,1,"",NA,"(Spinola, 1851)","Spinola",1851,"Yes","Brazil","Present","Present","http://www.antwiki.org/wiki/Cyphomyrmex rimosus",NA,NA,NA,"","Dropped EF1aF1 - was not aligning well EU204299",34702,NA,NA,NA,"EU204146",NA,"JQ617506",NA,NA,NA,NA,"KY828540",NA,1
"Myrmicinae","Attini","Eurhopalothrix","australis","Eurhopalothrix australis",0,0,"",NA,"Brown & Kempf, 1960","Brown & Kempf",1960,"","Australia","Present","Present","http://www.antwiki.org/wiki/Eurhopalothrix australis",NA,NA,NA,"need representative for genus","Alternate for Eurhopalothrix floridana",609687,"KJ860108","KJ859920","KJ861196","KJ861808","KJ861381",NA,"KJ860537","KJ859733","KJ860977","KJ860737","KJ861579","KJ860308",1
"Myrmicinae","Attini","Eurhopalothrix","floridana","Eurhopalothrix floridana",1,1,"",NA,"Brown & Kempf, 1960","Brown & Kempf",1960,"","United States","Present","Present","http://www.antwiki.org/wiki/Eurhopalothrix floridana",NA,NA,NA,"need representative for genus",NA,NA,NA,NA,NA,NA,NA,NA,NA,NA,NA,NA,NA,NA,0
"Myrmicinae","Attini","Pheidole","adrianoi","Pheidole adrianoi",1,1,"",NA,"Naves, 1985","Naves",1985,"","United States","Present","Present","http://www.antwiki.org/wiki/Pheidole adrianoi",NA,NA,NA,"",NA,458891,NA,NA,NA,NA,"EF518935","EF518306",NA,NA,NA,NA,NA,NA,1
"Myrmicinae","Attini","Pheidole","bicarinata","Pheidole bicarinata",1,1,"",NA,"Mayr, 1870","Mayr",1870,"","United States","Present","Present","http://www.antwiki.org/wiki/Pheidole bicarinata",NA,NA,NA,"",NA,458899,NA,NA,NA,NA,"KJ141537","KJ141786",NA,NA,NA,"KJ141339","KJ141211",NA,1
"Myrmicinae","Attini","Pheidole","bilimeki","Pheidole bilimeki",0,1,"",NA,"Mayr, 1870","Mayr",1870,"","Mexico","Present","Present","http://www.antwiki.org/wiki/Pheidole bilimeki",NA,NA,NA,"",NA,458901,NA,NA,NA,NA,NA,"EF518316",NA,NA,NA,NA,NA,NA,1
"Myrmicinae","Attini","Pheidole","carrolli","Pheidole carrolli",1,0,"",NA,"Naves, 1985","Naves",1985,"","United States","Present","Present","http://www.antwiki.org/wiki/Pheidole carrolli",NA,NA,NA,"",NA,458908,NA,NA,NA,NA,"EF518948","EF518322",NA,NA,NA,NA,NA,NA,1
"Myrmicinae","Attini","Pheidole","crassicornis","Pheidole crassicornis",1,1,"",NA,"Emery, 1895","Emery",1895,"","United States","Present","Present","http://www.antwiki.org/wiki/Pheidole crassicornis",NA,NA,NA,"",NA,458921,NA,NA,NA,NA,"EF518962",NA,NA,NA,NA,NA,NA,NA,1
"Myrmicinae","Attini","Pheidole","davisi","Pheidole davisi",0,1,"",NA,"Wheeler, W.M., 1905","Wheeler, W.M.",1905,"","United States","Present","Present","http://www.antwiki.org/wiki/Pheidole davisi",NA,NA,NA,"",NA,458922,NA,NA,NA,NA,"EF518963","EF518337",NA,NA,NA,NA,NA,NA,1
"Myrmicinae","Attini","Pheidole","dentata","Pheidole dentata",1,1,"",NA,"Mayr, 1886","Mayr",1886,"","United States","Present","Present","http://www.antwiki.org/wiki/Pheidole dentata",NA,NA,NA,"",NA,458923,NA,NA,NA,NA,"EF518964","EF518338",NA,NA,NA,NA,NA,NA,1
"Myrmicinae","Attini","Pheidole","dentigula","Pheidole dentigula",1,1,"",NA,"Smith, M.R., 1927","Smith, M.R.",1927,"","United States","Present","Present","http://www.antwiki.org/wiki/Pheidole dentigula",NA,NA,NA,"need representative for this species",NA,NA,NA,NA,NA,NA,NA,"Manual",NA,NA,NA,NA,NA,NA,1
"Myrmicinae","Attini","Pheidole","diversipilosa","Pheidole diversipilosa",1,0,"",NA,"Wheeler, W.M., 1908","Wheeler, W.M.",1908,"","United States","Present","Present","http://www.antwiki.org/wiki/Pheidole diversipilosa",NA,NA,NA,"",NA,458926,NA,NA,NA,NA,"EF518967","EF518341",NA,NA,NA,NA,NA,NA,1
"Myrmicinae","Attini","Pheidole","flavens","Pheidole flavens",1,0,"",NA,"Roger, 1863","Roger",1863,"","Cuba","Present","Present","http://www.antwiki.org/wiki/Pheidole flavens",NA,NA,NA,"",NA,458933,NA,NA,NA,NA,"EF518973","EF518348",NA,NA,NA,NA,NA,NA,1
"Myrmicinae","Attini","Pheidole","floridana","Pheidole floridana",1,1,"",NA,"Emery, 1895","Emery",1895,"","United States","Present","Present","http://www.antwiki.org/wiki/Pheidole floridana",NA,NA,NA,"this is bilimeki, we should check genetic ",NA,458934,NA,NA,NA,NA,"EF518974","EF518349",NA,NA,NA,NA,NA,NA,1
"Myrmicinae","Attini","Pheidole","lamia","Pheidole lamia",1,1,"",NA,"Wheeler, W.M., 1901","Wheeler, W.M.",1901,"","United States","Present","Present","http://www.antwiki.org/wiki/Pheidole lamia",NA,NA,NA,"need representative for this species",NA,NA,NA,NA,NA,NA,NA,NA,NA,NA,NA,NA,NA,NA,0
"Myrmicinae","Attini","Pheidole","littoralis","Pheidole littoralis",1,1,"",NA,"Cole, 1952","Cole",1952,"","United States","Present","Present","http://www.antwiki.org/wiki/Pheidole littoralis",NA,NA,NA,"",NA,458949,NA,NA,NA,NA,"EF518987","EF518363",NA,NA,NA,NA,NA,NA,1
"Myrmicinae","Attini","Pheidole","megacephala","Pheidole megacephala",1,0,"",NA,"(Fabricius, 1793)","Fabricius",1793,"Yes","Mauritius","Present","Present","http://www.antwiki.org/wiki/Pheidole megacephala",NA,NA,NA,"",NA,300850,NA,"EU439647",NA,"KM579275","KM597330","KJ141874",NA,NA,NA,"KJ141363","KJ141235",NA,1
"Myrmicinae","Attini","Pheidole","metallescens","Pheidole metallescens",1,1,"",NA,"Emery, 1895","Emery",1895,"","United States","Present","Present","http://www.antwiki.org/wiki/Pheidole metallescens",NA,NA,NA,"",NA,458952,NA,NA,NA,NA,"EF518990","EF518367",NA,NA,NA,NA,NA,NA,1
"Myrmicinae","Attini","Pheidole","moerens","Pheidole moerens",1,1,"",NA,"Wheeler, W.M., 1908","Wheeler, W.M.",1908,"","Puerto Rico","Present","Present","http://www.antwiki.org/wiki/Pheidole moerens",NA,NA,NA,"",NA,458956,NA,NA,NA,NA,"EF518994","EF518371",NA,NA,NA,NA,NA,NA,1
"Myrmicinae","Attini","Pheidole","morrisii","Pheidole morrisii",1,1,"",NA,"Forel, 1886","Forel",1886,"","United States","Present","Present","http://www.antwiki.org/wiki/Pheidole morrisii",NA,NA,NA,"",NA,615237,NA,NA,NA,"AY101369","JN205086","JN205097",NA,NA,NA,NA,NA,NA,1
"Myrmicinae","Attini","Pheidole","navigans","Pheidole navigans",0,1,"",NA,"Forel, 1901","Forel",1901,"","Mexico","Present","","http://www.antwiki.org/wiki/Pheidole navigans",NA,NA,NA,"this is moerens, we should check genetic data",NA,NA,NA,NA,NA,NA,NA,NA,NA,NA,NA,NA,NA,NA,0
"Myrmicinae","Attini","Pheidole","obscurithorax","Pheidole obscurithorax",1,1,"",NA,"Naves, 1985","Naves",1985,"","Argentina","Present","Present","http://www.antwiki.org/wiki/Pheidole obscurithorax",NA,NA,NA,"",NA,458959,NA,NA,NA,NA,"EF518999","EF518376",NA,NA,NA,NA,NA,NA,1
"Myrmicinae","Attini","Pheidole","pilifera","Pheidole pilifera",0,1,"",NA,"(Roger, 1863)","Roger",1863,"Yes","United States","Present","Present","http://www.antwiki.org/wiki/Pheidole pilifera",NA,NA,NA,"",NA,458965,NA,NA,NA,NA,"EF519007","EF518384",NA,NA,NA,NA,NA,NA,1
"Myrmicinae","Attini","Pheidole","tetra","Pheidole tetra",0,1,"",NA,"Creighton, 1950","Creighton",1950,"","United States","Present","Present","http://www.antwiki.org/wiki/Pheidole tetra",NA,NA,NA,"not important",NA,NA,NA,NA,NA,NA,NA,NA,NA,NA,NA,NA,NA,NA,0
"Myrmicinae","Attini","Pheidole","tysoni","Pheidole tysoni",1,1,"",NA,"Forel, 1901","Forel",1901,"","United States","Present","Present","http://www.antwiki.org/wiki/Pheidole tysoni",NA,NA,NA,"",NA,459018,NA,NA,NA,NA,"KJ141541","KJ141790",NA,NA,NA,"KJ141343","KJ141215",NA,1
"Myrmicinae","Attini","Strumigenys","abdita","Strumigenys abdita",0,1,"",NA,"Wesson, L.G. & Wesson, R.G., 1939","Wesson, L.G. & Wesson, R.G.",1939,"","United States","Present","Present","http://www.antwiki.org/wiki/Strumigenys abdita",NA,NA,NA,"",NA,NA,NA,NA,NA,NA,NA,NA,NA,NA,NA,NA,NA,NA,0
"Myrmicinae","Attini","Strumigenys","angulata","Strumigenys angulata",1,1,"",NA,"Smith, M.R., 1931","Smith, M.R.",1931,"","United States","Present","Present","http://www.antwiki.org/wiki/Strumigenys angulata",NA,NA,NA,"",NA,NA,NA,NA,NA,NA,NA,NA,NA,NA,NA,NA,NA,NA,0
"Myrmicinae","Attini","Strumigenys","apalachicolensis","Strumigenys apalachicolensis",1,1,"",NA,"(Deyrup & Lubertazzi, 2001)","Deyrup & Lubertazzi",2001,"Yes","United States","Present","Present","http://www.antwiki.org/wiki/Strumigenys apalachicolensis",NA,NA,NA,"",NA,NA,NA,NA,NA,NA,NA,NA,NA,NA,NA,NA,NA,NA,0
"Myrmicinae","Attini","Strumigenys","archboldi","Strumigenys archboldi",1,1,"",NA,"(Deyrup & Cover, 1998)","Deyrup & Cover",1998,"Yes","United States","Present","Present","http://www.antwiki.org/wiki/Strumigenys archboldi",NA,NA,NA,"",NA,NA,NA,NA,NA,NA,NA,NA,NA,NA,NA,NA,NA,NA,0
"Myrmicinae","Attini","Strumigenys","boltoni","Strumigenys boltoni",1,1,"",NA,"(Deyrup, 2006)","Deyrup",2006,"Yes","United States","Present","Present","http://www.antwiki.org/wiki/Strumigenys boltoni",NA,NA,NA,"",NA,NA,NA,NA,NA,NA,NA,NA,NA,NA,NA,NA,NA,NA,0
"Myrmicinae","Attini","Strumigenys","bunki","Strumigenys bunki",1,1,"",NA,"(Brown, 1950)","Brown",1950,"Yes","United States","Present","Present","http://www.antwiki.org/wiki/Strumigenys bunki",NA,NA,NA,"",NA,NA,NA,NA,NA,NA,NA,NA,NA,NA,NA,NA,NA,NA,0
"Myrmicinae","Attini","Strumigenys","carolinensis","Strumigenys carolinensis",1,1,"",NA,"(Brown, 1964)","Brown",1964,"Yes","United States","Present","Present","http://www.antwiki.org/wiki/Strumigenys carolinensis",NA,NA,NA,"",NA,NA,NA,NA,NA,NA,NA,NA,NA,NA,NA,NA,NA,NA,0
"Myrmicinae","Attini","Strumigenys","cloydi","Strumigenys cloydi",1,0,"",NA,"(Pfitzer, 1951)","Pfitzer",1951,"Yes","United States","Present","Present","http://www.antwiki.org/wiki/Strumigenys cloydi",NA,NA,NA,"",NA,NA,NA,NA,NA,NA,NA,NA,NA,NA,NA,NA,NA,NA,0
"Myrmicinae","Attini","Strumigenys","clypeata","Strumigenys clypeata",1,1,"",NA,"Roger, 1863","Roger",1863,"","United States","Present","Present","http://www.antwiki.org/wiki/Strumigenys clypeata",NA,NA,NA,"",NA,NA,NA,NA,NA,NA,NA,NA,NA,NA,NA,NA,NA,NA,0
"Myrmicinae","Attini","Strumigenys","creightoni","Strumigenys creightoni",1,1,"",NA,"Smith, M.R., 1931","Smith, M.R.",1931,"","United States","Present","Present","http://www.antwiki.org/wiki/Strumigenys creightoni",NA,NA,NA,"",NA,NA,NA,NA,NA,NA,NA,NA,NA,NA,NA,NA,NA,NA,0
"Myrmicinae","Attini","Strumigenys","deyrupi","Strumigenys deyrupi",0,1,"",NA,"(Bolton, 2000)","Bolton",2000,"Yes","United States","Present","","http://www.antwiki.org/wiki/Strumigenys deyrupi",NA,NA,NA,"",NA,NA,NA,NA,NA,NA,NA,NA,NA,NA,NA,NA,NA,NA,0
"Myrmicinae","Attini","Strumigenys","dietrichi","Strumigenys dietrichi",1,1,"",NA,"Smith, M.R., 1931","Smith, M.R.",1931,"","United States","Present","Present","http://www.antwiki.org/wiki/Strumigenys dietrichi",NA,NA,NA,"",NA,NA,NA,NA,NA,NA,NA,NA,NA,NA,NA,NA,NA,NA,0
"Myrmicinae","Attini","Strumigenys","eggersi","Strumigenys eggersi",1,1,"",NA,"Emery, 1890","Emery",1890,"","Lesser Antilles","Present","Present","http://www.antwiki.org/wiki/Strumigenys eggersi",NA,NA,NA,"",NA,NA,NA,NA,NA,NA,NA,"JN289315",NA,NA,NA,NA,NA,NA,1
"Myrmicinae","Attini","Strumigenys","emmae","Strumigenys emmae",1,0,"",NA,"(Emery, 1890)","Emery",1890,"Yes","Virgin Islands","Present","Present","http://www.antwiki.org/wiki/Strumigenys emmae",NA,NA,NA,"",NA,443846,"KJ860215","KJ860027","KJ861302","KJ861915","KJ861486","EU525224","KJ860644","KJ859839","KJ861104","KJ860871","KJ861713","KJ860442",1
"Myrmicinae","Attini","Strumigenys","filirrhina","Strumigenys filirrhina",0,1,"",NA,"(Brown, 1950)","Brown",1950,"Yes","United States","Present","Present","http://www.antwiki.org/wiki/Strumigenys filirrhina",NA,NA,NA,"",NA,NA,NA,NA,NA,NA,NA,NA,NA,NA,NA,NA,NA,NA,0
"Myrmicinae","Attini","Strumigenys","gundlachi","Strumigenys gundlachi",1,0,"",NA,"(Roger, 1862)","Roger",1862,"Yes","Cuba","Present","Present","http://www.antwiki.org/wiki/Strumigenys gundlachi",NA,NA,NA,"",NA,1539500,"KJ860218","KJ860030","KJ861305","KJ861918","KJ861489",NA,"KJ860647","KJ859842","KJ861108","KJ860875","KJ861717","KJ860446",1
"Myrmicinae","Attini","Strumigenys","hexamera","Strumigenys hexamera",1,0,"",NA,"(Brown, 1958)","Brown",1958,"Yes","Japan","Present","Present","http://www.antwiki.org/wiki/Strumigenys hexamera",NA,NA,NA,"",NA,NA,NA,NA,NA,NA,NA,NA,NA,NA,NA,NA,NA,NA,0
"Myrmicinae","Attini","Strumigenys","hyalina","Strumigenys hyalina",0,1,"",NA,"(Bolton, 2000)","Bolton",2000,"Yes","United States","Present","Present","http://www.antwiki.org/wiki/Strumigenys hyalina",NA,NA,NA,"",NA,NA,NA,NA,NA,NA,NA,NA,NA,NA,NA,NA,NA,NA,0
"Myrmicinae","Attini","Strumigenys","inopina","Strumigenys inopina",1,0,"",NA,"(Deyrup & Cover, 1998)","Deyrup & Cover",1998,"Yes","United States","Present","Present","http://www.antwiki.org/wiki/Strumigenys inopina",NA,NA,NA,"",NA,NA,NA,NA,NA,NA,NA,NA,NA,NA,NA,NA,NA,NA,0
"Myrmicinae","Attini","Strumigenys","laevinasis","Strumigenys laevinasis",1,1,"",NA,"Smith, M.R., 1931","Smith, M.R.",1931,"","United States","Present","Present","http://www.antwiki.org/wiki/Strumigenys laevinasis",NA,NA,NA,"",NA,NA,NA,NA,NA,NA,NA,NA,NA,NA,NA,NA,NA,NA,0
"Myrmicinae","Attini","Strumigenys","lanuginosa","Strumigenys lanuginosa",1,0,"",NA,"Wheeler, W.M., 1905","Wheeler, W.M.",1905,"","Bahamas","Present","Present","http://www.antwiki.org/wiki/Strumigenys lanuginosa",NA,NA,NA,"",NA,625687,NA,NA,NA,NA,NA,"KM224752",NA,NA,NA,NA,NA,NA,1
"Myrmicinae","Attini","Strumigenys","louisianae","Strumigenys louisianae",1,1,"",NA,"Roger, 1863","Roger",1863,"","United States","Present","Present","http://www.antwiki.org/wiki/Strumigenys louisianae",NA,NA,NA,"",NA,NA,NA,NA,NA,NA,NA,"JF863530",NA,NA,NA,NA,NA,NA,1
"Myrmicinae","Attini","Strumigenys","margaritae","Strumigenys margaritae",1,1,"",NA,"Forel, 1893","Forel",1893,"","Antilles","Present","Present","http://www.antwiki.org/wiki/Strumigenys margaritae",NA,NA,NA,"",NA,NA,NA,NA,NA,NA,NA,NA,NA,NA,NA,NA,NA,NA,0
"Myrmicinae","Attini","Strumigenys","membranifera","Strumigenys membranifera",1,1,"",NA,"Emery, 1869","Emery",1869,"","Italy","Present","Present","http://www.antwiki.org/wiki/Strumigenys membranifera",NA,NA,NA,"",NA,1539503,"KJ860221","KJ860033","KJ861308","KJ861921","KJ861492",NA,"KJ860650","KJ859845","KJ861111","KJ860878","KJ861720","KJ860449",1
"Myrmicinae","Attini","Strumigenys","metazytes","Strumigenys metazytes",0,1,"",NA,"(Bolton, 2000)","Bolton",2000,"Yes","United States","Present","Present","http://www.antwiki.org/wiki/Strumigenys metazytes",NA,NA,NA,"",NA,NA,NA,NA,NA,NA,NA,NA,NA,NA,NA,NA,NA,NA,0
"Myrmicinae","Attini","Strumigenys","missouriensis","Strumigenys missouriensis",1,1,"",NA,"Smith, M.R., 1931","Smith, M.R.",1931,"","United States","Present","Present","http://www.antwiki.org/wiki/Strumigenys missouriensis",NA,NA,NA,"",NA,NA,NA,NA,NA,NA,NA,NA,NA,NA,NA,NA,NA,NA,0
"Myrmicinae","Attini","Strumigenys","ohioensis","Strumigenys ohioensis",1,1,"",NA,"Kennedy & Schramm, 1933","Kennedy & Schramm",1933,"","United States","Present","Present","http://www.antwiki.org/wiki/Strumigenys ohioensis",NA,NA,NA,"",NA,NA,NA,NA,NA,NA,NA,NA,NA,NA,NA,NA,NA,NA,0
"Myrmicinae","Attini","Strumigenys","ornata","Strumigenys ornata",1,1,"",NA,"Mayr, 1887","Mayr",1887,"","United States","Present","Present","http://www.antwiki.org/wiki/Strumigenys ornata",NA,NA,NA,"",NA,NA,NA,NA,NA,NA,NA,NA,NA,NA,NA,NA,NA,NA,0
"Myrmicinae","Attini","Strumigenys","pergandei","Strumigenys pergandei",0,1,"",NA,"Emery, 1895","Emery",1895,"","United States","Present","Present","http://www.antwiki.org/wiki/Strumigenys pergandei",NA,NA,NA,"",NA,NA,NA,NA,NA,NA,NA,NA,NA,NA,NA,NA,NA,NA,0
"Myrmicinae","Attini","Strumigenys","pilinasis","Strumigenys pilinasis",1,1,"",NA,"Forel, 1901","Forel",1901,"","United States","Present","Present","http://www.antwiki.org/wiki/Strumigenys pilinasis",NA,NA,NA,"",NA,NA,NA,NA,NA,NA,NA,NA,NA,NA,NA,NA,NA,NA,0
"Myrmicinae","Attini","Strumigenys","pulchella","Strumigenys pulchella",1,1,"",NA,"Emery, 1895","Emery",1895,"","United States","Present","Present","http://www.antwiki.org/wiki/Strumigenys pulchella",NA,NA,NA,"",NA,NA,NA,NA,NA,NA,NA,NA,NA,NA,NA,NA,NA,NA,0
"Myrmicinae","Attini","Strumigenys","reflexa","Strumigenys reflexa",1,1,"",NA,"Wesson, L.G. & Wesson, R.G., 1939","Wesson, L.G. & Wesson, R.G.",1939,"","United States","Present","Present","http://www.antwiki.org/wiki/Strumigenys reflexa",NA,NA,NA,"",NA,NA,NA,NA,NA,NA,NA,NA,NA,NA,NA,NA,NA,NA,0
"Myrmicinae","Attini","Strumigenys","rogeri","Strumigenys rogeri",1,0,"",NA,"Emery, 1890","Emery",1890,"","Antilles","Present","Present","http://www.antwiki.org/wiki/Strumigenys rogeri",NA,NA,NA,"",NA,443847,"KJ860225","KJ860037","KJ861312","KJ861925","KJ861496","KX054829","KJ860654","KJ859849","KJ861115","KJ860882","KJ861724","KJ860453",1
"Myrmicinae","Attini","Strumigenys","rostrata","Strumigenys rostrata",1,1,"",NA,"Emery, 1895","Emery",1895,"","United States","Present","Present","http://www.antwiki.org/wiki/Strumigenys rostrata",NA,NA,NA,"",NA,NA,NA,NA,NA,NA,NA,NA,NA,NA,NA,NA,NA,NA,0
"Myrmicinae","Attini","Strumigenys","silvestrii","Strumigenys silvestrii",1,1,"",NA,"Emery, 1906","Emery",1906,"","Argentina","Present","Present","http://www.antwiki.org/wiki/Strumigenys silvestrii",NA,NA,NA,"",NA,NA,NA,NA,NA,NA,NA,NA,NA,NA,NA,NA,NA,NA,0
"Myrmicinae","Attini","Strumigenys","talpa","Strumigenys talpa",1,1,"",NA,"Weber, 1934","Weber",1934,"","United States","Present","Present","http://www.antwiki.org/wiki/Strumigenys talpa",NA,NA,NA,"",NA,NA,NA,NA,NA,NA,NA,NA,NA,NA,NA,NA,NA,NA,0
"Myrmicinae","Attini","Strumigenys","wrayi","Strumigenys wrayi",1,1,"",NA,"(Brown, 1950)","Brown",1950,"Yes","United States","Present","Present","http://www.antwiki.org/wiki/Strumigenys wrayi",NA,NA,NA,"",NA,NA,NA,NA,NA,NA,NA,NA,NA,NA,NA,NA,NA,NA,0
"Myrmicinae","Attini","Trachymyrmex","jamaicensis","Trachymyrmex jamaicensis",1,0,"",NA,"(Andr‚àö¬©, 1893)","Andr‚àö¬©",1893,"Yes","Jamaica","Present","Present","http://www.antwiki.org/wiki/Trachymyrmex jamaicensis",NA,NA,NA,"","Dropped EF1aF1 because taxxon not grouping with other Trachymyrmex and it might be that the addition of this EF1aF1 threw things off MK600369",369245,"DQ353448","DQ353622","DQ352968","DQ353036","DQ353224","DQ353390",NA,NA,NA,NA,NA,NA,1
"Myrmicinae","Attini","Trachymyrmex","septentrionalis","Trachymyrmex septentrionalis",1,1,"",NA,"(McCook, 1881)","McCook",1881,"Yes","United States","Present","","http://www.antwiki.org/wiki/Trachymyrmex septentrionalis",NA,NA,NA,"","dropped manually replaced accession EU204337 as was not aligning well",34720,NA,NA,NA,"EU204184",NA,"EU561595",NA,NA,NA,NA,"KY828551",NA,1
"Myrmicinae","Attini","Wasmannia","auropunctata","Wasmannia auropunctata",1,0,"",NA,"(Roger, 1863)","Roger",1863,"Yes","Cuba","Present","Present","http://www.antwiki.org/wiki/Wasmannia auropunctata",NA,NA,NA,"","dropped EF1aF1 - was not aligning well EU204316",64793,"EF012950","EF013078","EF013206","EU204163","EF013658","KX585772",NA,"EU204558","KJ861138","KJ860907","KJ861749","KJ860478",1
"Myrmicinae","Crematogastrini","Cardiocondyla","emeryi","Cardiocondyla emeryi",1,0,"",NA,"Forel, 1881","Forel",1881,"","Australia","Present","Present","http://www.antwiki.org/wiki/Cardiocondyla emeryi",NA,NA,NA,"",NA,329303,NA,NA,NA,NA,"FN985485","KX051824","FN984925","FN984973",NA,NA,NA,NA,1
"Myrmicinae","Crematogastrini","Cardiocondyla","mauritanica","Cardiocondyla mauritanica",1,0,"nuda",NA,"Forel, 1890","Forel",1890,"","Tunisia","Present","Present","http://www.antwiki.org/wiki/Cardiocondyla mauritanica",NA,NA,NA,"",NA,314138,"EF012849","EF012977","EF013105","EF013685","EF013557","KY836376","EF013239","EF013401","KJ860943","KJ860703","KJ861545","KJ860274",1
"Myrmicinae","Crematogastrini","Cardiocondyla","minutior","Cardiocondyla minutior",1,0,"",NA,"Forel, 1899","Forel",1899,"","Hawaii but its natural range is Indomalayan region","Present","Present","http://www.antwiki.org/wiki/Cardiocondyla minutior",NA,NA,NA,"",NA,329306,NA,NA,NA,NA,"FN985497","KX051833","FN984929","FN984977",NA,NA,NA,NA,1
"Myrmicinae","Crematogastrini","Cardiocondyla","nuda","Cardiocondyla nuda",0,1,"nuda",NA,"(Mayr, 1866)","Mayr",1866,"Yes","Fiji","Present","Present","http://www.antwiki.org/wiki/Cardiocondyla nuda",NA,NA,NA,"",NA,606313,NA,NA,NA,NA,"FN985519",NA,"FN984961","FN985012",NA,NA,NA,NA,1
"Myrmicinae","Crematogastrini","Cardiocondyla","obscurior","Cardiocondyla obscurior",1,0,"",NA,"Wheeler, W.M., 1929","Wheeler, W.M.",1929,"","Taiwan","Present","","http://www.antwiki.org/wiki/Cardiocondyla obscurior",NA,NA,NA,"",NA,286306,"DQ353426","DQ353582","DQ352870","DQ353021","DQ353254","DQ353316","FN984958","FN985009",NA,NA,NA,NA,1
"Myrmicinae","Crematogastrini","Cardiocondyla","venustula","Cardiocondyla venustula",1,1,"",NA,"Wheeler, W.M., 1908","Wheeler, W.M.",1908,"","Puerto Rico","Present","Present","http://www.antwiki.org/wiki/Cardiocondyla venustula",NA,NA,NA,"",NA,606333,NA,NA,NA,NA,"FN985515",NA,"FN984935","FN984983",NA,NA,NA,NA,1
"Myrmicinae","Crematogastrini","Cardiocondyla","wroughtonii","Cardiocondyla wroughtonii",1,1,"",NA,"(Forel, 1890)","Forel",1890,"Yes","India","Present","Present","http://www.antwiki.org/wiki/Cardiocondyla wroughtonii",NA,NA,NA,"",NA,329301,NA,NA,NA,NA,NA,"KU985554",NA,NA,NA,NA,NA,NA,1
"Myrmicinae","Crematogastrini","Crematogaster","ashmeadi","Crematogaster ashmeadi",1,1,"",NA,"Mayr, 1886","Mayr",1886,"","United States","Present","","http://www.antwiki.org/wiki/Crematogaster ashmeadi",NA,NA,NA,"common species in litter, would be great to have",NA,NA,NA,NA,NA,NA,NA,"Manual",NA,NA,NA,NA,NA,NA,1
"Myrmicinae","Crematogastrini","Crematogaster","cerasi","Crematogaster cerasi",1,1,"",NA,"(Fitch, 1855)","Fitch",1855,"Yes","United States","Present","","http://www.antwiki.org/wiki/Crematogaster cerasi",NA,NA,NA,"","dropped because little sequence data (COI) and was coming out in strange place likely due to limited sesquence data KR882447",29041,NA,NA,NA,NA,NA,NA,NA,NA,NA,NA,NA,NA,0
"Myrmicinae","Crematogastrini","Crematogaster","laeviuscula","Crematogaster laeviuscula",1,1,"",NA,"Mayr, 1870","Mayr",1870,"","Mexico","Present","","http://www.antwiki.org/wiki/Crematogaster laeviuscula",NA,NA,NA,"not important",NA,NA,NA,NA,NA,NA,NA,"MG343520",NA,NA,NA,NA,NA,NA,1
"Myrmicinae","Crematogastrini","Crematogaster","lineolata","Crematogaster lineolata",1,1,"",NA,"(Say, 1836)","Say",1836,"Yes","Unites States","Present","","http://www.antwiki.org/wiki/Crematogaster lineolata",NA,NA,NA,"",NA,195111,NA,NA,NA,"AY101370","JQ326694","KP252162",NA,NA,"JQ326464","JQ326579","JQ326809",NA,1
"Myrmicinae","Crematogastrini","Crematogaster","minutissima","Crematogaster minutissima",1,1,"",NA,"Mayr, 1870","Mayr",1870,"","United States","Present","Present","http://www.antwiki.org/wiki/Crematogaster minutissima",NA,NA,NA,"",NA,254727,NA,NA,NA,NA,NA,"AY443981",NA,NA,NA,NA,NA,NA,1
"Myrmicinae","Crematogastrini","Crematogaster","missouriensis","Crematogaster missouriensis",1,1,"",NA,"Emery, 1895","Emery",1895,"","United States","Present","","http://www.antwiki.org/wiki/Crematogaster missouriensis",NA,NA,NA,"not important",NA,NA,NA,NA,NA,NA,NA,NA,NA,NA,NA,NA,NA,NA,0
"Myrmicinae","Crematogastrini","Crematogaster","obscurata","Crematogaster obscurata",1,0,"",NA,"Emery, 1895","Emery",1895,"","Venezuela","Present","Present","http://www.antwiki.org/wiki/Crematogaster obscurata",NA,NA,NA,"not important",NA,NA,NA,NA,NA,NA,NA,NA,NA,NA,NA,NA,NA,NA,0
"Myrmicinae","Crematogastrini","Crematogaster","pilosa","Crematogaster pilosa",1,1,"",NA,"Emery, 1895","Emery",1895,"","United States","Present","","http://www.antwiki.org/wiki/Crematogaster pilosa",NA,NA,NA,"",NA,1201998,NA,NA,NA,"JQ326361","JQ326715",NA,NA,NA,NA,"JQ326600","JQ326830",NA,1
"Myrmicinae","Crematogastrini","Crematogaster","pinicola","Crematogaster pinicola",1,1,"",NA,"Deyrup & Cover, 2007","Deyrup & Cover",2007,"","United States","Present","Present","http://www.antwiki.org/wiki/Crematogaster pinicola",NA,NA,NA,"",NA,NA,NA,NA,NA,NA,NA,NA,NA,NA,NA,NA,NA,NA,0
"Myrmicinae","Crematogastrini","Crematogaster","vermiculata","Crematogaster vermiculata",1,0,"",NA,"Emery, 1895","Emery",1895,"","Mexico","Present","","http://www.antwiki.org/wiki/Crematogaster vermiculata",NA,NA,NA,"",NA,NA,NA,NA,NA,NA,NA,NA,NA,NA,NA,NA,NA,NA,0
"Myrmicinae","Crematogastrini","Myrmecina","americana","Myrmecina americana",1,1,"",NA,"Emery, 1895","Emery",1895,"","United States","Present","","http://www.antwiki.org/wiki/Myrmecina americana",NA,NA,NA,"",NA,357227,"KJ860153","KJ859965","KJ861240","KJ861853","KJ861425","DQ249340","KJ860582","KJ859777","KJ861029","KJ860792","KJ861634","KJ860363",1
"Myrmicinae","Crematogastrini","Myrmecina","cooperi","Myrmecina cooperi",0,1,"",NA,"Deyrup, 2015","Deyrup",2015,"","United States","Present","Present","http://www.antwiki.org/wiki/Myrmecina cooperi",NA,NA,NA,"not important",NA,NA,NA,NA,NA,NA,NA,NA,NA,NA,NA,NA,NA,NA,0
"Myrmicinae","Crematogastrini","Temnothorax","allardycei","Temnothorax allardycei",1,0,"",NA,"(Mann, 1920)","Mann",1920,"Yes","Bahamas","Present","Present","http://www.antwiki.org/wiki/Temnothorax allardycei",NA,NA,NA,"",NA,628180,NA,"MF427441","MF427332","MF427005","MF427114",NA,NA,"MF427223","MF436476","MF436367","MF436258",NA,1
"Myrmicinae","Crematogastrini","Temnothorax","americanus","Temnothorax americanus",0,1,"",NA,"(Emery, 1895)","Emery",1895,"Yes","United States","Present","Present","http://www.antwiki.org/wiki/Temnothorax americanus",NA,NA,NA,"",NA,1964332,NA,"MF427443","MF427334","MF427007","MF427116",NA,NA,"MF427225","MF436478","MF436369","MF436260",NA,1
"Myrmicinae","Crematogastrini","Temnothorax","bradleyi","Temnothorax bradleyi",1,1,"",NA,"(Wheeler, W.M., 1913)","Wheeler, W.M.",1913,"Yes","United States","Present","Present","http://www.antwiki.org/wiki/Temnothorax bradleyi",NA,NA,NA,"",NA,NA,NA,NA,NA,NA,NA,NA,NA,NA,NA,NA,NA,NA,0
"Myrmicinae","Crematogastrini","Temnothorax","curvispinosus","Temnothorax curvispinosus",1,1,"",NA,"(Mayr, 1866)","Mayr",1866,"Yes","United States","Present","Present","http://www.antwiki.org/wiki/Temnothorax curvispinosus",NA,NA,NA,"","dropped COI AY757258 because aligned strangely and was throwing off position",300111,NA,"MF427465","MF427356","MF427029","MF427138",NA,NA,"MF427247","MF436500","MF436391","MF436282",NA,1
"Myrmicinae","Crematogastrini","Temnothorax","longispinosus","Temnothorax longispinosus",0,1,"",NA,"(Roger, 1863)","Roger",1863,"Yes","United States","Present","Present","http://www.antwiki.org/wiki/Temnothorax longispinosus",NA,NA,NA,"","dropped COI AY757235 because aligned strangely and was throwing off position",300112,NA,"MF427484","MF427375","MF427048","MF427157",NA,NA,"MF427266","MF436519","MF436410","MF436301",NA,1
"Myrmicinae","Crematogastrini","Temnothorax","palustris","Temnothorax palustris",1,0,"",NA,"(Deyrup & Cover, 2004)","Deyrup & Cover",2004,"Yes","United States","Present","Present","http://www.antwiki.org/wiki/Temnothorax palustris",NA,NA,NA,"not important",NA,NA,NA,NA,NA,NA,NA,NA,NA,NA,NA,NA,NA,NA,0
"Myrmicinae","Crematogastrini","Temnothorax","pergandei","Temnothorax pergandei",1,1,"",NA,"(Emery, 1895)","Emery",1895,"Yes","United States","Present","Present","http://www.antwiki.org/wiki/Temnothorax pergandei",NA,NA,NA,"",NA,628405,NA,"MF427502","MF427393","MF427066","MF427175",NA,NA,"MF427284","MF436537","MF436428","MF436319",NA,1
"Myrmicinae","Crematogastrini","Temnothorax","schaumii","Temnothorax schaumii",1,1,"",NA,"(Roger, 1863)","Roger",1863,"Yes","United States","Present","Present","http://www.antwiki.org/wiki/Temnothorax schaumii",NA,NA,NA,"",NA,628444,NA,"MF427514","MF427405","MF427078","MF427187",NA,NA,"MF427296","MF436549","MF436440","MF436331",NA,1
"Myrmicinae","Crematogastrini","Temnothorax","smithi","Temnothorax smithi",1,1,"",NA,"(Baroni Urbani, 1978)","Baroni Urbani",1978,"Yes","United States","Present","Present","http://www.antwiki.org/wiki/Temnothorax smithi",NA,NA,NA,"",NA,628458,NA,"MF427517","MF427408","MF427081","MF427190",NA,NA,"MF427299","MF436552","MF436443","MF436334",NA,1
"Myrmicinae","Crematogastrini","Temnothorax","texanus","Temnothorax texanus",1,1,"",NA,"(Wheeler, W.M., 1903)","Wheeler, W.M.",1903,"Yes","United States","Present","Present","http://www.antwiki.org/wiki/Temnothorax texanus",NA,NA,NA,"not important",NA,NA,NA,NA,NA,NA,NA,NA,NA,NA,NA,NA,NA,NA,0
"Myrmicinae","Crematogastrini","Temnothorax","torrei","Temnothorax torrei",1,0,"",NA,"(Aguayo, 1931)","Aguayo",1931,"Yes","Cuba","Present","Present","http://www.antwiki.org/wiki/Temnothorax torrei",NA,NA,NA,"",NA,628488,NA,"MF427525","MF427416","MF427089","MF427198",NA,NA,"MF427307","MF436559","MF436451","MF436342",NA,1
"Myrmicinae","Crematogastrini","Temnothorax","tuscaloosae","Temnothorax tuscaloosae",0,1,"",NA,"(Wilson, 1951)","Wilson",1951,"Yes","United States","Present","Present","http://www.antwiki.org/wiki/Temnothorax tuscaloosae",NA,NA,NA,"",NA,628496,NA,"MF427528","MF427419","MF427092","MF427201",NA,NA,"MF427310","MF436562","MF436454","MF436345",NA,1
"Myrmicinae","Crematogastrini","Tetramorium","bicarinatum","Tetramorium bicarinatum",1,1,"bicarinatum",NA,"(Nylander, 1846)","Nylander",1846,"Yes","United States","Present","Present","http://www.antwiki.org/wiki/Tetramorium bicarinatum",NA,NA,NA,"",NA,219812,NA,"EU490480",NA,NA,NA,"AY909379",NA,NA,NA,NA,NA,NA,1
"Myrmicinae","Crematogastrini","Tetramorium","caldarium","Tetramorium caldarium",1,0,"simillimum",NA,"(Roger, 1857)","Roger",1857,"Yes","Poland","Present","Present","http://www.antwiki.org/wiki/Tetramorium caldarium",NA,NA,NA,"",NA,628592,NA,NA,NA,"KM579369","KM597419","KC921199",NA,NA,NA,NA,"KM579090",NA,1
"Myrmicinae","Crematogastrini","Tetramorium","immigrans","Tetramorium immigrans",0,1,"",NA,"Santschi, 1927","Santschi",1927,"","Chile","","","http://www.antwiki.org/wiki/Tetramorium immigrans",NA,NA,NA,"",NA,2164160,NA,NA,NA,NA,NA,"MF134291",NA,NA,NA,NA,NA,NA,1
"Myrmicinae","Crematogastrini","Tetramorium","lanuginosum","Tetramorium lanuginosum",1,1,"obesum",NA,"Mayr, 1870","Mayr",1870,"","Australia","Present","Present","http://www.antwiki.org/wiki/Tetramorium lanuginosum",NA,NA,NA,"","Dropped because little sequence data (nuLSU and COI) and not grouping w rest of Tetramorium EU490477 GU709681",443852,NA,NA,NA,NA,NA,NA,NA,NA,NA,NA,NA,NA,0
"Myrmicinae","Crematogastrini","Tetramorium","simillimum","Tetramorium simillimum",1,1,"simillimum",NA,"(Smith, F., 1851)","Smith, F.",1851,"Yes","United Kingdom of Great Britain and Northern Ireland","Present","Present","http://www.antwiki.org/wiki/Tetramorium simillimum",NA,NA,NA,"",NA,443853,NA,"EU490468",NA,"KM579390","KM597440","DQ176172",NA,NA,NA,NA,"KM579111",NA,1
"Myrmicinae","Crematogastrini","Tetramorium","tsushimae","Tetramorium tsushimae",0,1,"",NA,"Emery, 1925","Emery",1925,"","Japan","Present","","http://www.antwiki.org/wiki/Tetramorium tsushimae",NA,NA,NA,"",NA,291737,NA,NA,NA,NA,NA,"AY641700",NA,NA,NA,NA,NA,NA,1
"Myrmicinae","Crematogastrini","Trichomyrmex","destructor","Trichomyrmex destructor",1,0,"destructor",NA,"(Jerdon, 1851)","Jerdon",1851,"Yes","India","Present","Present","http://www.antwiki.org/wiki/Trichomyrmex destructor",NA,NA,NA,"",NA,369170,"KJ860138","KJ859950","DQ352921","KJ847542","KJ861410","DQ353305","KJ860567","KJ847514","KJ861013","KJ860776","KJ861618","KJ860347",1
"Myrmicinae","Crematogastrini","Xenomyrmex","floridanus","Xenomyrmex floridanus",1,0,"",NA,"Emery, 1895","Emery",1895,"","United States","Present","Present","http://www.antwiki.org/wiki/Xenomyrmex floridanus",NA,NA,NA,"",NA,369252,"EF012951","EF013079","DQ352904","DQ353005","EF013659","DQ353320","EF013369","EF013531","KJ861139","KJ860908","KJ861750","KJ860479",1
"Myrmicinae","Myrmicini","Myrmica","americana","Myrmica americana",0,1,"",NA,"Weber, 1939","Weber",1939,"","United States","Present","","http://www.antwiki.org/wiki/Myrmica americana",NA,NA,NA,"",NA,195148,"FJ824204","FJ824294","FJ824364","AY101371","GU109379","GQ255125",NA,NA,"GQ254935",NA,NA,NA,1
"Myrmicinae","Myrmicini","Myrmica","latifrons","Myrmica latifrons",0,1,"",NA,"St‚àö¬ßrcke, 1927","St‚àö¬ßrcke",1927,"","United States","Present","","http://www.antwiki.org/wiki/Myrmica latifrons",NA,NA,NA,"",NA,612819,NA,NA,NA,NA,"KJ920613",NA,NA,"KJ920576",NA,NA,NA,NA,1
"Myrmicinae","Myrmicini","Myrmica","pinetorum","Myrmica pinetorum",0,1,"",NA,"Wheeler, W.M., 1905","Wheeler, W.M.",1905,"","United States","Present","Present","http://www.antwiki.org/wiki/Myrmica pinetorum",NA,NA,NA,"common species in litter, would be great to have",NA,NA,NA,NA,NA,NA,NA,"Manual",NA,NA,NA,NA,NA,NA,1
"Myrmicinae","Myrmicini","Myrmica","punctiventris","Myrmica punctiventris",1,1,"",NA,"Roger, 1863","Roger",1863,"","United States","Present","Present","http://www.antwiki.org/wiki/Myrmica punctiventris",NA,NA,NA,"",NA,68986,NA,"GQ255253",NA,NA,"GU109423","GQ255168",NA,NA,"GQ254979",NA,NA,NA,1
"Myrmicinae","Myrmicini","Myrmica","spatulata","Myrmica spatulata",0,1,"",NA,"Smith, M.R., 1930","Smith, M.R.",1930,"","United States","Present","","http://www.antwiki.org/wiki/Myrmica spatulata",NA,NA,NA,"not important",NA,NA,NA,NA,NA,NA,NA,NA,NA,NA,NA,NA,NA,NA,0
"Myrmicinae","Pogonomyrmecini","Pogonomyrmex","badius","Pogonomyrmex badius",1,1,"californicus",NA,"(Latreille, 1802)","Latreille",1802,"Yes","United States","Present","Present","http://www.antwiki.org/wiki/Pogonomyrmex badius",NA,NA,NA,"",NA,269696,"FJ824225","FJ824314","FJ824363","KU318947","KU318896","FJ824448","KU318801","AY651892","FJ824374","KU318716",NA,NA,1
"Myrmicinae","Solenopsidini","Monomorium","ebeninum","Monomorium ebeninum",1,0,"",NA,"Forel, 1891","Forel",1891,"","Antilles","Present","Present","http://www.antwiki.org/wiki/Monomorium ebeninum",NA,NA,NA,"not important",NA,NA,NA,NA,NA,NA,NA,NA,NA,NA,NA,NA,NA,NA,0
"Myrmicinae","Solenopsidini","Monomorium","floricola","Monomorium floricola",1,0,"",NA,"(Jerdon, 1851)","Jerdon",1851,"Yes","India","Present","Present","http://www.antwiki.org/wiki/Monomorium floricola",NA,NA,NA,"",NA,612295,NA,NA,NA,"KM579229",NA,"KJ847481",NA,"KJ847516",NA,NA,"KM578950",NA,1
"Myrmicinae","Solenopsidini","Monomorium","minimum","Monomorium minimum",0,1,"",NA,"(Buckley, 1867)","Buckley",1867,"Yes","United States","Present","Present","http://www.antwiki.org/wiki/Monomorium minimum",NA,NA,NA,"",NA,612392,NA,NA,NA,NA,NA,"KX687942",NA,NA,NA,NA,NA,NA,1
"Myrmicinae","Solenopsidini","Monomorium","pharaonis","Monomorium pharaonis",1,1,"",NA,"(Linnaeus, 1758)","Linnaeus",1758,"Yes","Egypt","Present","Present","http://www.antwiki.org/wiki/Monomorium pharaonis",NA,NA,NA,"Dropped EF1aF1 because was not aligning well EU204326",NA,307658,"KJ860147","KJ859959","AY850637","MG458936","KJ861419","KJ847499",NA,"EU204568","KJ861023","KJ860786","KJ861628","KJ860357",1
"Myrmicinae","Solenopsidini","Monomorium","trageri","Monomorium trageri",1,0,"",NA,"DuBois, 1986","DuBois",1986,"","United States","Present","Present","http://www.antwiki.org/wiki/Monomorium trageri",NA,NA,NA,"not important",NA,NA,NA,NA,NA,NA,NA,NA,NA,NA,NA,NA,NA,NA,0
"Myrmicinae","Solenopsidini","Monomorium","viridum","Monomorium viridum",1,1,"",NA,"Brown, 1943","Brown",1943,"","United States","Present","Present","http://www.antwiki.org/wiki/Monomorium viridum",NA,NA,NA,"",NA,2021447,NA,NA,NA,NA,NA,"KY500952",NA,NA,NA,NA,NA,NA,1
"Myrmicinae","Solenopsidini","Solenopsis","abdita","Solenopsis abdita",1,1,"",NA,"Thompson, 1989","Thompson",1989,"","United States","Present","Present","http://www.antwiki.org/wiki/Solenopsis abdita",NA,NA,NA,"not important",NA,NA,NA,NA,NA,NA,NA,NA,NA,NA,NA,NA,NA,NA,0
"Myrmicinae","Solenopsidini","Solenopsis","carolinensis","Solenopsis carolinensis",1,1,"",NA,"Forel, 1901","Forel",1901,"","United States","Present","Present","http://www.antwiki.org/wiki/Solenopsis carolinensis",NA,NA,NA,"",NA,332062,"DQ067097",NA,NA,NA,NA,"HM179645",NA,NA,NA,NA,NA,NA,1
"Myrmicinae","Solenopsidini","Solenopsis","geminata","Solenopsis geminata",1,1,"geminata",NA,"(Fabricius, 1804)","Fabricius",1804,"Yes","Central America","Present","Present","http://www.antwiki.org/wiki/Solenopsis geminata",NA,NA,NA,"",NA,121131,"AY334567",NA,NA,NA,NA,"AY254489",NA,NA,NA,NA,NA,NA,1
"Myrmicinae","Solenopsidini","Solenopsis","globularia","Solenopsis globularia",1,1,"",NA,"(Smith, F., 1858)","Smith, F.",1858,"Yes","United States","Present","Present","http://www.antwiki.org/wiki/Solenopsis globularia",NA,NA,NA,"",NA,176592,NA,NA,NA,NA,NA,"KT200424",NA,NA,NA,NA,NA,NA,1
"Myrmicinae","Solenopsidini","Solenopsis","invicta","Solenopsis invicta",1,1,"saevissima",NA,"Buren, 1972","Buren",1972,"","United States","Present","Present","http://www.antwiki.org/wiki/Solenopsis invicta",NA,NA,NA,"",NA,13686,"AY334566","DQ353687","DQ352941","DQ353039",NA,"DQ353293",NA,"KP730149",NA,"KP860425",NA,NA,1
"Myrmicinae","Solenopsidini","Solenopsis","molesta","Solenopsis molesta",0,1,"",NA,"(Say, 1836)","Say",1836,"Yes","United States","Present","Present","http://www.antwiki.org/wiki/Solenopsis molesta",NA,NA,NA,"",NA,411725,"EF012934","EF013062","EF013190","MG458937","EF013642","MG458950","EF013348","EF013510","KJ861089","KJ860855","KJ861697","KJ860426",1
"Myrmicinae","Solenopsidini","Solenopsis","nickersoni","Solenopsis nickersoni",1,0,"",NA,"Thompson, 1982","Thompson",1982,"","United States","Present","Present","http://www.antwiki.org/wiki/Solenopsis nickersoni",NA,NA,NA,"not important",NA,NA,NA,NA,NA,NA,NA,NA,NA,NA,NA,NA,NA,NA,0
"Myrmicinae","Solenopsidini","Solenopsis","pergandei","Solenopsis pergandei",1,1,"",NA,"Forel, 1901","Forel",1901,"","United States","Present","Present","http://www.antwiki.org/wiki/Solenopsis pergandei",NA,NA,NA,"not important",NA,NA,NA,NA,NA,NA,NA,NA,NA,NA,NA,NA,NA,NA,0
"Myrmicinae","Solenopsidini","Solenopsis","phoretica","Solenopsis phoretica",1,0,"",NA,"Davis & Deyrup, 2006","Davis & Deyrup",2006,"","United States","Present","Present","http://www.antwiki.org/wiki/Solenopsis phoretica",NA,NA,NA,"not important",NA,NA,NA,NA,NA,NA,NA,NA,NA,NA,NA,NA,NA,NA,0
"Myrmicinae","Solenopsidini","Solenopsis","picta","Solenopsis picta",1,1,"",NA,"Emery, 1895","Emery",1895,"","United States","Present","Present","http://www.antwiki.org/wiki/Solenopsis picta",NA,NA,NA,"not important",NA,NA,NA,NA,NA,NA,NA,NA,NA,NA,NA,NA,NA,NA,0
"Myrmicinae","Solenopsidini","Solenopsis","richteri","Solenopsis richteri",0,1,"saevissima",NA,"Forel, 1909","Forel",1909,"","Argentina","Present","","http://www.antwiki.org/wiki/Solenopsis richteri",NA,NA,NA,"","dropped COI MF592131 because was coming out in strange place, likely due to it being a single locus.",30203,NA,NA,NA,NA,NA,NA,NA,NA,NA,NA,NA,NA,0
"Myrmicinae","Solenopsidini","Solenopsis","tennesseensis","Solenopsis tennesseensis",1,1,"",NA,"Smith, M.R., 1951","Smith, M.R.",1951,"","United States","Present","Present","http://www.antwiki.org/wiki/Solenopsis tennesseensis",NA,NA,NA,"not important",NA,NA,NA,NA,NA,NA,NA,NA,NA,NA,NA,NA,NA,NA,0
"Myrmicinae","Solenopsidini","Solenopsis","texana","Solenopsis texana",0,1,"",NA,"Emery, 1895","Emery",1895,"","United States","Present","Present","http://www.antwiki.org/wiki/Solenopsis texana",NA,NA,NA,"not important",NA,NA,NA,NA,NA,NA,NA,NA,NA,NA,NA,NA,NA,NA,0
"Myrmicinae","Solenopsidini","Solenopsis","tonsa","Solenopsis tonsa",1,0,"",NA,"Thompson, 1989","Thompson",1989,"","United States","Present","Present","http://www.antwiki.org/wiki/Solenopsis tonsa",NA,NA,NA,"not important",NA,NA,NA,NA,NA,NA,NA,NA,NA,NA,NA,NA,NA,NA,0
"Myrmicinae","Solenopsidini","Solenopsis","xyloni","Solenopsis xyloni",0,1,"geminata",NA,"McCook, 1879","McCook",1879,"","United States","Present","","http://www.antwiki.org/wiki/Solenopsis xyloni",NA,NA,NA,"",NA,310435,"EF012935","EF013063","EF013191","JQ742896","EF013643","DQ153015","EF013349","EF013511","KJ861092","KJ860858","KJ861700","KJ860429",1
"Myrmicinae","Solenopsidini","Solenopsis","zeteki","Solenopsis zeteki",1,0,"",NA,"Wheeler, W.M., 1942","Wheeler, W.M.",1942,"","Puerto Rico","Present","Present","http://www.antwiki.org/wiki/Solenopsis zeteki",NA,NA,NA,"not important",NA,NA,NA,NA,NA,NA,NA,NA,NA,NA,NA,NA,NA,NA,0
"Myrmicinae","Stenammini","Aphaenogaster","ashmeadi","Aphaenogaster ashmeadi",1,1,"",NA,"(Emery, 1895)","Emery",1895,"Yes","United States","Present","","http://www.antwiki.org/wiki/Aphaenogaster ashmeadi",NA,NA,NA,"",NA,602585,NA,NA,NA,"KJ920651","KP860353","KP730068",NA,"KP730150",NA,"KJ920551",NA,NA,1
"Myrmicinae","Stenammini","Aphaenogaster","carolinensis","Aphaenogaster carolinensis",1,1,"",NA,"Wheeler, W.M., 1915","Wheeler, W.M.",1915,"","United States","Present","","http://www.antwiki.org/wiki/Aphaenogaster carolinensis",NA,NA,NA,"",NA,602600,NA,NA,NA,"MG458941","KP860357","MG458954",NA,"KP730154",NA,"KP860429",NA,NA,1
"Myrmicinae","Stenammini","Aphaenogaster","flemingi","Aphaenogaster flemingi",1,1,"",NA,"Smith, M.R., 1928","Smith, M.R.",1928,"","United States","Present","","http://www.antwiki.org/wiki/Aphaenogaster flemingi",NA,NA,NA,"",NA,602632,NA,NA,NA,"KJ920657","KJ920622","KJ920522",NA,"KJ920587",NA,"KJ920555",NA,NA,1
"Myrmicinae","Stenammini","Aphaenogaster","floridana","Aphaenogaster floridana",1,1,"",NA,"Smith, M.R., 1941","Smith, M.R.",1941,"","United States","Present","","http://www.antwiki.org/wiki/Aphaenogaster floridana",NA,NA,NA,"",NA,602633,NA,NA,NA,"KP730233","KP860358","KP730073",NA,"KP730155",NA,"KJ920556",NA,NA,1
"Myrmicinae","Stenammini","Aphaenogaster","fulva","Aphaenogaster fulva",1,1,"",NA,"Roger, 1863","Roger",1863,"","United States","Present","","http://www.antwiki.org/wiki/Aphaenogaster fulva",NA,NA,NA,"",NA,602636,NA,NA,NA,"KP730242","KP860367","KP730082",NA,"KP730164",NA,"KP860439",NA,NA,1
"Myrmicinae","Stenammini","Aphaenogaster","lamellidens","Aphaenogaster lamellidens",1,1,"",NA,"Mayr, 1886","Mayr",1886,"","United States","Present","","http://www.antwiki.org/wiki/Aphaenogaster lamellidens",NA,NA,NA,"",NA,602667,NA,NA,NA,"KP730244","KP860369","KP730084",NA,"KP730166",NA,"KP860441",NA,NA,1
"Myrmicinae","Stenammini","Aphaenogaster","mariae","Aphaenogaster mariae",1,1,"",NA,"Forel, 1886","Forel",1886,"","United States","Present","Present","http://www.antwiki.org/wiki/Aphaenogaster mariae",NA,NA,NA,"",NA,602676,NA,NA,NA,"KP730245","KP860370","KP730085",NA,"KP730167",NA,"KP860442",NA,NA,1
"Myrmicinae","Stenammini","Aphaenogaster","miamiana","Aphaenogaster miamiana",1,1,"",NA,"Wheeler, W.M., 1932","Wheeler, W.M.",1932,"","Mexico","Present","","http://www.antwiki.org/wiki/Aphaenogaster miamiana",NA,NA,NA,"",NA,602682,NA,NA,NA,"KP730247","KP860373","KP730088",NA,"KP730170",NA,"KP860445",NA,NA,1
"Myrmicinae","Stenammini","Aphaenogaster","picea","Aphaenogaster picea",0,1,"",NA,"(Wheeler, W.M., 1908)","Wheeler, W.M.",1908,"Yes","Canada","Present","","http://www.antwiki.org/wiki/Aphaenogaster picea",NA,NA,NA,"",NA,602698,NA,NA,NA,"KP730266","KP860391","KP730106",NA,"KP730188",NA,"KP860463",NA,NA,1
"Myrmicinae","Stenammini","Aphaenogaster","rudis","Aphaenogaster rudis",0,1,"",NA,"Enzmann, J., 1947","Enzmann, J.",1947,"","United States","Present","","http://www.antwiki.org/wiki/Aphaenogaster rudis",NA,NA,NA,"",NA,500656,"FJ824191","FJ824281","FJ824330","KP730285","KP860412","FJ824413",NA,"KP730209","FJ824372","KP860484",NA,NA,1
"Myrmicinae","Stenammini","Aphaenogaster","tennesseensis","Aphaenogaster tennesseensis",1,1,"",NA,"(Mayr, 1862)","Mayr",1862,"Yes","United States","Present","","http://www.antwiki.org/wiki/Aphaenogaster tennesseensis",NA,NA,NA,"",NA,374455,NA,NA,NA,"KP730288","KP860415","KR789357",NA,"KP730212",NA,"KP860487",NA,NA,1
"Myrmicinae","Stenammini","Aphaenogaster","treatae","Aphaenogaster treatae",1,1,"",NA,"Forel, 1886","Forel",1886,"","United States","Present","","http://www.antwiki.org/wiki/Aphaenogaster treatae",NA,NA,NA,"",NA,525435,NA,NA,NA,"KP730295","KP860420","KM538001",NA,"KP730219",NA,NA,NA,NA,1
"Myrmicinae","Stenammini","Aphaenogaster","umphreyi","Aphaenogaster umphreyi",1,1,"",NA,"Deyrup & Davis, 1998","Deyrup & Davis",1998,"","United States","Present","","http://www.antwiki.org/wiki/Aphaenogaster umphreyi",NA,NA,NA,"",NA,602773,NA,NA,NA,"KP730297","KP860422","KP730141",NA,"KP730221",NA,"KP860492",NA,NA,1
"Myrmicinae","Stenammini","Stenamma","brevicorne","Stenamma brevicorne",0,1,"",NA,"(Mayr, 1886)","Mayr",1886,"Yes","United States","Present","Present","http://www.antwiki.org/wiki/Stenamma brevicorne",NA,NA,NA,"",NA,625348,NA,NA,NA,"JQ742898",NA,"KR932939",NA,NA,"JQ742530","JQ742586","JQ742786","JQ742842",1
"Myrmicinae","Stenammini","Stenamma","diecki","Stenamma diecki",0,1,"",NA,"Emery, 1895","Emery",1895,"","Canada","Present","Present","http://www.antwiki.org/wiki/Stenamma diecki",NA,NA,NA,"",NA,625352,NA,"JQ742438","JQ742482","JQ742903","JQ742738","JQ742647",NA,"JQ742694","JQ742535","JQ742591","JQ742791","JQ742847",1
"Myrmicinae","Stenammini","Stenamma","foveolocephalum","Stenamma foveolocephalum",1,1,"",NA,"Smith, M.R., 1930","Smith, M.R.",1930,"","United States","Present","Present","http://www.antwiki.org/wiki/Stenamma foveolocephalum",NA,NA,NA,"",NA,625357,NA,"JQ742442","JQ742486","JQ742909","JQ742742","JQ742653",NA,"JQ742698","JQ742541","JQ742597","JQ742797","JQ742853",1
"Myrmicinae","Stenammini","Stenamma","impar","Stenamma impar",0,1,"",NA,"Forel, 1901","Forel",1901,"","United States","Present","Present","http://www.antwiki.org/wiki/Stenamma impar",NA,NA,NA,"",NA,625363,NA,"JQ742446","JQ742490","JQ742913","JQ742746","JQ742657",NA,"JQ742702","JQ742545","JQ742601","JQ742801","JQ742857",1
"Myrmicinae","Stenammini","Stenamma","meridionale","Stenamma meridionale",0,1,"",NA,"Smith, M.R., 1957","Smith, M.R.",1957,"","United States","Present","Present","http://www.antwiki.org/wiki/Stenamma meridionale",NA,NA,NA,"",NA,625370,NA,"GQ411006","GQ410997",NA,"GQ411012",NA,NA,"GQ410988",NA,NA,NA,NA,1
"Myrmicinae","Stenammini","Stenamma","schmittii","Stenamma schmittii",0,1,"",NA,"Wheeler, W.M., 1903","Wheeler, W.M.",1903,"","United States","Present","Present","http://www.antwiki.org/wiki/Stenamma schmittii",NA,NA,NA,"",NA,1158934,NA,"JQ742472","JQ742516","JQ742939","JQ742772","JQ742683",NA,"JQ742728","JQ742571","JQ742627","JQ742827","JQ742883",1
"Ponerinae","Platythyreini","Platythyrea","punctata","Platythyrea punctata",1,0,"",NA,"(Smith, F., 1858)","Smith, F.",1858,"Yes","Central America","Present","Present","http://www.antwiki.org/wiki/Platythyrea punctata",NA,NA,NA,"",NA,77147,"EF012912","EF013040","DQ352895","DQ353133","EF013620","DQ353357","EF013323","EF013485","MF626181","JX310643","MF626072","MF625963",1
"Ponerinae","Ponerini","Anochetus","mayri","Anochetus mayri",1,0,"",NA,"Emery, 1884","Emery",1884,"","Antilles Is","Present","Present","http://www.antwiki.org/wiki/Anochetus mayri",NA,NA,NA,"",NA,369091,"DQ353522","DQ353643","DQ352986","KU254486","JN675409","KU504845",NA,NA,NA,"JX310574",NA,NA,1
"Ponerinae","Ponerini","Brachyponera","chinensis","Brachyponera chinensis",0,1,"",NA,"(Emery, 1895)","Emery",1895,"Yes","China","Present","Present","http://www.antwiki.org/wiki/Brachyponera chinensis",NA,NA,NA,"common species in litter, would be great to have",NA,NA,"AB126801","AB126802",NA,"JN419156","JN675439","KC685047",NA,NA,NA,"JX310616",NA,NA,1
"Ponerinae","Ponerini","Brachyponera","obscurans","Brachyponera obscurans",0,0,"",NA,"(Walker, 1859)","Walker",1859,"Yes","Sri Lanka","Present","","http://www.antwiki.org/wiki/Brachyponera obscurans",NA,NA,NA,"common species in litter, would be great to have","Alternate for Brachyponera chinensis",2077367,NA,"MF626096","MF625665","MF625987","MF626205","EF609942",NA,"MF625878","MF626143",NA,"MF626034","MF625925",1
"Ponerinae","Ponerini","Cryptopone","gilva","Cryptopone gilva",1,1,"",NA,"(Roger, 1863)","Roger",1863,"Yes","United States","Present","Present","http://www.antwiki.org/wiki/Cryptopone gilva",NA,NA,NA,"",NA,369117,"DQ353517","DQ353646","DQ352891","MF625988","JN675412","KF370991",NA,"MF625879","MF626146","JX310578","MF626037","MF625928",1
"Ponerinae","Ponerini","Hypoponera","inexorata","Hypoponera inexorata",1,1,"",NA,"(Wheeler, W.M., 1903)","Wheeler, W.M.",1903,"Yes","United States","Present","Present","http://www.antwiki.org/wiki/Hypoponera inexorata",NA,NA,NA,"",NA,369145,"DQ353526","DQ353624","DQ352974","DQ353129",NA,"DQ353332",NA,NA,NA,NA,NA,NA,1
"Ponerinae","Ponerini","Hypoponera","opaciceps","Hypoponera opaciceps",1,1,"",NA,"(Mayr, 1887)","Mayr",1887,"Yes","Brazil","Present","Present","http://www.antwiki.org/wiki/Hypoponera opaciceps",NA,NA,NA,"",NA,610514,NA,NA,NA,NA,NA,"KX053500",NA,NA,NA,NA,NA,NA,1
"Ponerinae","Ponerini","Hypoponera","opacior","Hypoponera opacior",1,1,"",NA,"(Forel, 1893)","Forel",1893,"Yes","West Indies","Present","Present","http://www.antwiki.org/wiki/Hypoponera opacior",NA,NA,NA,"",NA,280466,"AY703488","AY703555","AY703689","EU155464","AY703756","EU155427","EF013266","EF013428","KU671659","JX310587","KU671722","KU671785",1
"Ponerinae","Ponerini","Hypoponera","punctatissima","Hypoponera punctatissima",1,0,"",NA,"(Roger, 1859)","Roger",1859,"Yes","Germany","Present","Present","http://www.antwiki.org/wiki/Hypoponera punctatissima",NA,NA,NA,"",NA,610530,NA,"EU490436",NA,NA,NA,"GU709895",NA,NA,NA,NA,NA,NA,1
"Ponerinae","Ponerini","Leptogenys","diminuta","Leptogenys diminuta",0,0,"",NA,"(Smith, F., 1857)","Smith, F.",1857,"Yes","Myanmar","Present","","http://www.antwiki.org/wiki/Leptogenys diminuta",NA,NA,NA,"not important","Alternate for Leptogenys manni",411755,"EF012872","EF013000","EF013128","EF013708","EF013580",NA,"EF013273","EF013435","MF626168",NA,"MF626059","MF625950",1
"Ponerinae","Ponerini","Leptogenys","manni","Leptogenys manni",1,0,"",NA,"Wheeler, W.M., 1923","Wheeler, W.M.",1923,"","United States","Present","Present","http://www.antwiki.org/wiki/Leptogenys manni",NA,NA,NA,"not important",NA,NA,NA,NA,NA,NA,NA,NA,NA,NA,NA,NA,NA,NA,0
"Ponerinae","Ponerini","Odontomachus","brunneus","Odontomachus brunneus",1,1,"",NA,"(Patton, 1894)","Patton",1894,"Yes","United States","Present","","http://www.antwiki.org/wiki/Odontomachus brunneus",NA,NA,NA,"","dropped CAD because not aligning well KU504788",486640,NA,"EU155412",NA,"EU155467","EU155448","KU504880",NA,NA,NA,NA,NA,NA,1
"Ponerinae","Ponerini","Odontomachus","haematodus","Odontomachus haematodus",1,0,"",NA,"(Linnaeus, 1758)","Linnaeus",1758,"Yes","America meridionali","Present","","http://www.antwiki.org/wiki/Odontomachus haematodus",NA,NA,NA,"","dropped CAD because not aligning well KU504796",219798,NA,"EU155416",NA,"EU155472","EU155453","KU504888",NA,NA,NA,NA,NA,NA,1
"Ponerinae","Ponerini","Odontomachus","relictus","Odontomachus relictus",1,0,"",NA,"Deyrup & Cover, 2004","Deyrup & Cover",2004,"","United States","Present","Present","http://www.antwiki.org/wiki/Odontomachus relictus",NA,NA,NA,"","dropped CAD because not aligning well KU504810",486646,NA,"EU155419",NA,"EU155475","EU155456","KU504903",NA,NA,NA,NA,NA,NA,1
"Ponerinae","Ponerini","Odontomachus","ruginodis","Odontomachus ruginodis",1,0,"",NA,"Smith, M.R., 1937","Smith, M.R.",1937,"","Bahamas","Present","","http://www.antwiki.org/wiki/Odontomachus ruginodis",NA,NA,NA,"","dropped CAD because not aligning well KU504812",486647,NA,"EU155421",NA,"EU155477","EU155458","KU504906","KU146253",NA,NA,NA,NA,NA,1
"Ponerinae","Ponerini","Ponera","exotica","Ponera exotica",1,1,"",NA,"Smith, M.R., 1962","Smith, M.R.",1962,"","United States","Present","Present","http://www.antwiki.org/wiki/Ponera exotica",NA,NA,NA,"",NA,616633,NA,NA,NA,NA,NA,"GU709779",NA,NA,NA,NA,NA,NA,1
"Ponerinae","Ponerini","Ponera","pennsylvanica","Ponera pennsylvanica",1,1,"",NA,"Buckley, 1866","Buckley",1866,"","United States","Present","Present","http://www.antwiki.org/wiki/Ponera pennsylvanica",NA,NA,NA,"",NA,616646,NA,"JQ023553",NA,"JN419185","JN675464","KR890935",NA,NA,NA,NA,NA,NA,1
"Ponerinae","Ponerini","Pseudoponera","stigma","Pseudoponera stigma",1,0,"",NA,"(Fabricius, 1804)","Fabricius",1804,"Yes","South America","Present","Present","http://www.antwiki.org/wiki/Pseudoponera stigma",NA,NA,NA,"",NA,1720231,NA,"MF626134","MF625703","MF626025","MF626243","KT783653",NA,"MF625916","MF626197",NA,"MF626088","MF625979",1
"Proceratiinae","Proceratiini","Discothyrea","testacea","Discothyrea testacea",1,1,"",NA,"Roger, 1863","Roger",1863,"","United States","Present","Present","http://www.antwiki.org/wiki/Discothyrea testacea",NA,NA,NA,"",NA,609323,NA,"KU671446","KU672070","KU671599","KU671548",NA,NA,"KU671497","KU671658",NA,"KU671721","KU671784",1
"Proceratiinae","Proceratiini","Proceratium","avium","Proceratium avium",0,0,"",NA,"Brown, 1974","Brown",1974,"","Mauritius","Present","Present","http://www.antwiki.org/wiki/Proceratium avium",NA,NA,NA,"common species in litter, would be great to have","Alternate for Proceratium crassicorne",443839,NA,"MF626126","MF625695","MF626017","MF626235","EF610176",NA,"MF625908","MF626188",NA,"MF626079","MF625970",1
"Proceratiinae","Proceratiini","Proceratium","chickasaw","Proceratium chickasaw",1,1,"",NA,"De Andrade, 2003","De Andrade",2003,"","United States","Present","Present","http://www.antwiki.org/wiki/Proceratium chickasaw",NA,NA,NA,"not important",NA,NA,NA,NA,NA,NA,NA,NA,NA,NA,NA,NA,NA,NA,0
"Proceratiinae","Proceratiini","Proceratium","crassicorne","Proceratium crassicorne",1,1,"",NA,"Emery, 1895","Emery",1895,"","United States","Present","Present","http://www.antwiki.org/wiki/Proceratium crassicorne",NA,NA,NA,"common species in litter, would be great to have",NA,NA,NA,NA,NA,NA,NA,NA,NA,NA,NA,NA,NA,NA,0
"Proceratiinae","Proceratiini","Proceratium","creek","Proceratium creek",1,1,"",NA,"De Andrade, 2003","De Andrade",2003,"","United States","Present","Present","http://www.antwiki.org/wiki/Proceratium creek",NA,NA,NA,"not important",NA,NA,NA,NA,NA,NA,NA,NA,NA,NA,NA,NA,NA,NA,0
"Proceratiinae","Proceratiini","Proceratium","croceum","Proceratium croceum",1,1,"",NA,"(Roger, 1860)","Roger",1860,"Yes","United States","Present","Present","http://www.antwiki.org/wiki/Proceratium croceum",NA,NA,NA,"common species in litter, would be great to have",NA,NA,NA,NA,NA,NA,NA,NA,NA,NA,NA,NA,NA,NA,0
"Proceratiinae","Proceratiini","Proceratium","pergandei","Proceratium pergandei",1,1,"",NA,"(Emery, 1895)","Emery",1895,"Yes","United States","Present","Present","http://www.antwiki.org/wiki/Proceratium pergandei",NA,NA,NA,"common species in litter, would be great to have",NA,NA,NA,NA,NA,NA,NA,NA,NA,NA,NA,NA,NA,NA,0
"Proceratiinae","Proceratiini","Proceratium","silaceum","Proceratium silaceum",1,1,"",NA,"Roger, 1863","Roger",1863,"","United States","Present","Present","http://www.antwiki.org/wiki/Proceratium silaceum",NA,NA,NA,"",NA,621628,NA,"MF626127","MF625696","MF626018","MF626236",NA,NA,"MF625909","MF626189",NA,"MF626080","MF625971",1
"Pseudomyrmecinae","","Pseudomyrmex","cubaensis","Pseudomyrmex cubaensis",1,0,"",NA,"(Forel, 1901)","Forel",1901,"Yes","Cuba","Present","Present","http://www.antwiki.org/wiki/Pseudomyrmex cubaensis",NA,NA,NA,"",NA,292154,"AY703522","AY703589","AY703723","KR828991","KR829364",NA,NA,"KR829578","KR829783","KR830198","KR830614","KR830405",1
"Pseudomyrmecinae","","Pseudomyrmex","ejectus","Pseudomyrmex ejectus",1,1,"",NA,"(Smith, F., 1858)","Smith, F.",1858,"Yes","probably Brazil","Present","","http://www.antwiki.org/wiki/Pseudomyrmex ejectus",NA,NA,NA,"",NA,600708,NA,"KR828834","KR829207","KR828999","KR829372",NA,NA,"KR829586","KR829791","KR830206","KR830622","KR830413",1
"Pseudomyrmecinae","","Pseudomyrmex","elongatus","Pseudomyrmex elongatus",1,0,"",NA,"(Mayr, 1870)","Mayr",1870,"Yes","Colombia","Present","Present","http://www.antwiki.org/wiki/Pseudomyrmex elongatus",NA,NA,NA,"",NA,600709,NA,"KR828835","KR829208","KR829001","KR829374","KP271181",NA,"KR829588","KR829793","KR830208","KR830624","KR830415",1
"Pseudomyrmecinae","","Pseudomyrmex","gracilis","Pseudomyrmex gracilis",1,1,"",NA,"(Fabricius, 1804)","Fabricius",1804,"Yes","Central America","Present","Present","http://www.antwiki.org/wiki/Pseudomyrmex gracilis",NA,NA,NA,"",NA,219809,"AY703529","AY703596","AY703730","KR829015","KR829388","FJ436825","EF013340","EF013502","KR829807","KR830222","KR830638","KR830429",1
"Pseudomyrmecinae","","Pseudomyrmex","leptosus","Pseudomyrmex leptosus",1,0,"",NA,"Ward, 1985","Ward",1985,"","United States","Present","Present","http://www.antwiki.org/wiki/Pseudomyrmex leptosus",NA,NA,NA,"",NA,NA,NA,NA,NA,NA,NA,NA,NA,NA,NA,NA,NA,NA,0
"Pseudomyrmecinae","","Pseudomyrmex","pallidus","Pseudomyrmex pallidus",1,1,"",NA,"(Smith, F., 1855)","Smith, F.",1855,"Yes","United States","Present","Present","http://www.antwiki.org/wiki/Pseudomyrmex pallidus",NA,NA,NA,"",NA,56622,"AY703538","AY703605","AY703739","KR829047","KR829420",NA,NA,"KR829633","KR829839","KR830254","KR830670","KR830461",1
"Pseudomyrmecinae","","Pseudomyrmex","seminole","Pseudomyrmex seminole",1,0,"",NA,"Ward, 1985","Ward",1985,"","United States","Present","Present","http://www.antwiki.org/wiki/Pseudomyrmex seminole",NA,NA,NA,"",NA,600754,NA,"KR828914","KR829287","KR829095","KR829468",NA,NA,"KR829681","KR829887","KR830302","KR830718","KR830509",1
"Pseudomyrmecinae","","Pseudomyrmex","simplex","Pseudomyrmex simplex",1,0,"",NA,"(Smith, F., 1877)","Smith, F.",1877,"Yes","Brazil","Present","Present","http://www.antwiki.org/wiki/Pseudomyrmex simplex",NA,NA,NA,"",NA,292172,"AY703543","AY703610","AY703744","KR829098","KR829471","MF925966",NA,"KR829684","KR829890","KR830305","KR830721","KR830512",1
